ID_GQ,ID,mitogenome accession,BioSample Accession,Age,Sex qPCR,Region_long,Region,Location,Lat,Lon,Year,Month,Day,Region2,Overlap Luca,Membership,Q1,Q2,Q3,Q4,Q5,Q6,O(HOM),E(HOM),N_SITES,F
222.NHS.2009.BELUGA.ADN_20_04798.S_20_01337.dl.n_s.bam,S_20_01337,OQ554076,SAMN36656511,21,F,North_Hudson_Strait_NHS,NHS,Big_Island,NA,NA,2009,6,10,NHS,no,PAN,0.58131,0.001725,0.019715,0.123352,0.245428,0.02847,641029,642561.2,832193,-0.00808
221.NHS.2009.BELUGA.ADN_20_04800.S_20_01339.dl.n_s.bam,S_20_01339,OQ554077,SAMN36656512,21,F,North_Hudson_Strait_NHS,NHS,Big_Island,NA,NA,2009,6,12,NHS,no,PAN,0.605618,0.017423,0.000842,0.067758,0.308348,0.00001,632365,626842.3,812521,0.02974
230.NHS.2008.BELUGA.ADN_20_05016.S_20_01386.dl.n_s.bam,S_20_01386,OQ554088,SAMN36656523,5,F,North_Hudson_Strait_NHS,NHS,Kimmirut,NA,NA,2008,6,19,NHS,no,PAN,0.610063,0.040459,0.009972,0.079566,0.224319,0.035621,610961,588328.2,763214,0.12941
234.NHS.1996.BELUGA.ADN_20_04910.S_20_01463.dl.n_s.bam,S_20_01463,OQ554114,SAMN36656549,16,F,North_Hudson_Strait_NHS,NHS,NA,NA,NA,1996,5,18,NHS,no,PAN,0.612553,0.006731,0.017369,0.075364,0.255457,0.032525,640361,643271.6,833218,-0.01532
143.SAN.2002.BELUGA.ADN_20_02292.S_20_00727.dl.n_s.bam,S_20_00727,OQ553986,SAMN36656209,25,M,Sanikiluaq_SAN,SAN,Sanikiluaq,NA,NA,2002,5,30,BEL,no,WHB,0.99995,0.00001,0.00001,0.00001,0.00001,0.00001,638250,632441.4,819457,0.03106
145.SAN.2002.BELUGA.ADN_20_02289.S_20_00730.dl.n_s.bam,S_20_00730,OQ553987,SAMN36656211,30,M,Sanikiluaq_SAN,SAN,Sanikiluaq,NA,NA,2002,5,NA,BEL,yes,JAM-BEL,0.00001,0.00001,0.99995,0.00001,0.00001,0.00001,636856,635101,822762,0.00935
142.SAN.2002.BELUGA.ADN_20_02291.S_20_00739.dl.n_s.bam,S_20_00739,OQ553988,SAMN36656217,18,M,Sanikiluaq_SAN,SAN,Sanikiluaq,NA,NA,2002,5,NA,BEL,no,PAN,0.615551,0.017617,0.071209,0.091435,0.184723,0.019465,639310,637641.8,825990,0.00886
144.SAN.2002.BELUGA.ADN_20_02287.S_20_00744.dl.n_s.bam,S_20_00744,OQ553991,SAMN36656222,25,M,Sanikiluaq_SAN,SAN,Sanikiluaq,NA,NA,2002,5,30,BEL,yes,PAN,0.682336,0.012325,0.026276,0.041322,0.208251,0.02949,630946,624431.2,809308,0.03524
136.SAN.2003.BELUGA.ADN_20_01088.S_20_00751.dl.n_s.bam,S_20_00751,OQ553992,SAMN36656227,23,M,Sanikiluaq_SAN,SAN,Sanikiluaq,NA,NA,2003,NA,NA,BEL,yes,PAN,0.655975,0.016864,0.04997,0.022785,0.207643,0.046763,635488,633189.9,820457,0.01227
137.SAN.2004.BELUGA.ADN_20_05321.S_20_00756.dl.n_s.bam,S_20_00756,OQ553993,SAMN36656231,28,F,Sanikiluaq_SAN,SAN,Sanikiluaq,NA,NA,2004,6,17,BEL,no,PAN,0.659189,0.011654,0.031912,0.03702,0.221679,0.038546,639189,641252.1,830489,-0.0109
146.SAN.2004.BELUGA.ADN_20_01094.S_20_00767.dl.n_s.bam,S_20_00767,OQ553994,SAMN36656238,35,F,Sanikiluaq_SAN,SAN,Sanikiluaq,NA,NA,2004,6,18,BEL,yes,PAN,0.639769,0.020113,0.062235,0.041981,0.201641,0.034261,634589,628275.5,814201,0.03396
186.SAN.2009.BELUGA.ADN_20_05143.S_20_03466.dl.n_s.bam,S_20_03466,OQ554218,SAMN36656861,27,F,Sanikiluaq_SAN,SAN,Wiegand_Island,56.932778,-79.422222,2009,6,9,BEL,no,PAN,0.633205,0.002521,0.048379,0.043291,0.229031,0.043572,637816,633866.3,821126,0.02109
193.SAN.2018.BELUGA.ADN_20_05381.S_20_03644.dl.n_s.bam,S_20_03644,OQ554243,SAMN36656937,NA,M,Sanikiluaq_SAN,SAN,Wiegand_Island,56.68,-79.23,2018,6,11,BEL,no,PAN,0.659506,0.013887,0.049228,0.01849,0.228296,0.030592,636543,633475,820568,0.0164
135.SAN.1998.BELUGA.ADN_20_05109.S_20_03675.dl.n_s.bam,S_20_03675,OQ554249,SAMN36656948,31,M,Sanikiluaq_SAN,SAN,Sanikiluaq,NA,NA,1998,5,11,BEL,no,JAM-BEL,0.00001,0.009436,0.944649,0.00001,0.00001,0.045885,642029,635555.6,823318,0.03448
113.SAN.2007.BELUGA.ADN_20_05112.S_20_03678.dl.n_s.bam,S_20_03678,OQ554250,SAMN36656949,24,M,Sanikiluaq_SAN,SAN,Hudson_Bay,NA,NA,2007,6,20,BEL,no,PAN,0.679899,0.003395,0.053453,0.039211,0.191963,0.032079,636514,637613,825755,-0.00584
154.SAN.2007.BELUGA.ADN_20_05115.S_20_03681.dl.n_s.bam,S_20_03681,OQ554251,SAMN36656950,34,M,Sanikiluaq_SAN,SAN,Sanikiluaq,NA,NA,2007,6,20,BEL,no,PAN,0.669436,0.012778,0.051795,0.006973,0.235178,0.023839,638215,630997.2,817407,0.03872
105.SAN.2008.BELUGA.ADN_20_05123.S_20_03689.dl.n_s.bam,S_20_03689,OQ554252,SAMN36656951,12,M,Sanikiluaq_SAN,SAN,Claw_Point_Kataluuk,NA,NA,2008,5,23,BEL,no,JAM-BEL,0.00001,0.00001,0.99995,0.00001,0.00001,0.00001,643689,644634.5,834782,-0.00497
106.SAN.2009.BELUGA.ADN_20_05141.S_20_03707.dl.n_s.bam,S_20_03707,OQ554253,SAMN36656952,NA,M,Sanikiluaq_SAN,SAN,Claw_Point_Kataluuk,56.663333,-79.219444,2009,6,22,BEL,no,PAN,0.623985,0.00963,0.026042,0.070092,0.208998,0.061253,634228,638875.5,827606,-0.02462
187.SAN.2010.BELUGA.ADN_20_05152.S_20_03718.dl.n_s.bam,S_20_03718,OQ554254,SAMN36656953,NA,M,Sanikiluaq_SAN,SAN,Wiegand_Island,56.78611,-79.3675,2010,5,12,BEL,no,JAM-BEL,0.00001,0.00001,0.99995,0.00001,0.00001,0.00001,631107,614034.6,795850,0.0939
156.SAN.2010.BELUGA.ADN_20_05153.S_20_03719.dl.n_s.bam,S_20_03719,OQ554255,SAMN36656954,33,M,Sanikiluaq_SAN,SAN,Sanikiluaq,NA,NA,2010,5,13,BEL,no,JAM-BEL,0.00001,0.00001,0.99995,0.00001,0.00001,0.00001,640038,638076.3,826527,0.01041
119.SAN.2010.BELUGA.ADN_20_05154.S_20_03720.dl.n_s.bam,S_20_03720,OQ554256,SAMN36656955,24,M,Sanikiluaq_SAN,SAN,Renouf_island,56.796389,-79.164722,2010,5,22,BEL,no,JAM-BEL,0.00001,0.00001,0.99995,0.00001,0.00001,0.00001,652145,644453.1,834592,0.04045
158.SAN.2010.BELUGA.ADN_20_05156.S_20_03722.dl.n_s.bam,S_20_03722,OQ554257,SAMN36656956,32,M,Sanikiluaq_SAN,SAN,Sanikiluaq,NA,NA,2010,5,15,BEL,no,JAM-BEL,0.00001,0.011425,0.974208,0.00001,0.00001,0.014336,632194,619309,802702,0.07026
157.SAN.2010.BELUGA.ADN_20_05160.S_20_03726.dl.n_s.bam,S_20_03726,OQ554258,SAMN36656957,35,M,Sanikiluaq_SAN,SAN,Sanikiluaq,NA,NA,2010,5,24,BEL,no,JAM-BEL,0.00001,0.00001,0.99995,0.00001,0.00001,0.00001,629997,613114.4,794789,0.09293
120.SAN.2011.BELUGA.ADN_20_05173.S_20_03742.dl.n_s.bam,S_20_03742,OQ554261,SAMN36656960,56,M,Sanikiluaq_SAN,SAN,Renouf_Island,56.53583,-79.12002,2011,6,14,BEL,no,PAN,0.653076,0.00001,0.056205,0.017669,0.223826,0.049213,637074,644222.5,834313,-0.03761
160.SAN.2011.BELUGA.ADN_20_05174.S_20_03743.dl.n_s.bam,S_20_03743,OQ554262,SAMN36656961,51,F,Sanikiluaq_SAN,SAN,Sanikiluaq,NA,NA,2011,6,2,BEL,no,PAN,0.63444,0.01376,0.046286,0.06184,0.20536,0.038314,640821,628676.2,814437,0.06538
179.SAN.2020.BELUGA.ADN_20_05183.S_20_03752.dl.n_s.bam,S_20_03752,OQ554265,SAMN36656964,NA,M,Sanikiluaq_SAN,SAN,Sanikiluaq,55.666667,-79.3,2020,6,29,BEL,no,PAN,0.629215,0.025027,0.049258,0.023234,0.217312,0.055954,635257,634399.2,822027,0.00457
183.SAN.2020.BELUGA.ADN_20_05184.S_20_03753.dl.n_s.bam,S_20_03753,OQ554266,SAMN36656965,NA,F,Sanikiluaq_SAN,SAN,Sanikiluaq,55.784817,-79.280883,2020,6,29,BEL,no,PAN,0.645105,0.012131,0.029379,0.069956,0.219338,0.024092,632504,632080.1,819018,0.00227
182.SAN.2020.BELUGA.ADN_20_05185.S_20_03754.dl.n_s.bam,S_20_03754,OQ554267,SAMN36656966,NA,F,Sanikiluaq_SAN,SAN,Sanikiluaq,55.47064,-79.16848,2020,6,29,BEL,no,PAN,0.623639,0.030441,0.051778,0.071952,0.209101,0.01309,626298,612771.5,794295,0.07452
153.SAN.2006.BELUGA.ADN_20_05190.S_20_03759.dl.n_s.bam,S_20_03759,OQ554268,SAMN36656967,18,M,Sanikiluaq_SAN,SAN,Sanikiluaq,NA,NA,2006,5,27,BEL,no,JAM-BEL,0.00001,0.00001,0.99995,0.00001,0.00001,0.00001,640600,644774.5,835053,-0.02194
152.SAN.2006.BELUGA.ADN_20_05191.S_20_03760.dl.n_s.bam,S_20_03760,OQ554269,SAMN36656968,23,M,Sanikiluaq_SAN,SAN,Sanikiluaq,NA,NA,2006,5,20,BEL,no,JAM-BEL,0.00001,0.00001,0.985628,0.00001,0.00001,0.014332,637557,630957.7,817433,0.03539
151.SAN.2006.BELUGA.ADN_20_05192.S_20_03761.dl.n_s.bam,S_20_03761,OQ554270,SAMN36656969,26,M,Sanikiluaq_SAN,SAN,Sanikiluaq,NA,NA,2006,5,27,BEL,no,JAM-BEL,0.00001,0.00001,0.99995,0.00001,0.00001,0.00001,636790,645831.1,836432,-0.04743
155.SAN.2007.BELUGA.ADN_20_05195.S_20_03764.dl.n_s.bam,S_20_03764,OQ554271,SAMN36656970,28,M,Sanikiluaq_SAN,SAN,Sanikiluaq,NA,NA,2007,6,21,BEL,no,PAN,0.638791,0.01258,0.044221,0.034351,0.220809,0.049248,635909,639774.2,828542,-0.02048
116.SAN.1998.BELUGA.ADN_20_05200.S_20_03769.dl.n_s.bam,S_20_03769,OQ554272,SAMN36656971,16,F,Sanikiluaq_SAN,SAN,Mosisee_Point,NA,NA,1998,5,18,BEL,no,JAM-BEL,0.00001,0.00001,0.99995,0.00001,0.00001,0.00001,616573,591153.2,766588,0.1449
129.SAN.1995.BELUGA.ADN_20_05214.S_20_03785.dl.n_s.bam,S_20_03785,OQ554273,SAMN36656972,33,M,Sanikiluaq_SAN,SAN,Sanikiluaq,NA,NA,1995,6,13,BEL,no,PAN,0.640838,0.003607,0.039973,0.054975,0.23129,0.029317,627425,636742.3,825241,-0.04943
133.SAN.1997.BELUGA.ADN_20_05227.S_20_03803.dl.n_s.bam,S_20_03803,OQ554275,SAMN36656974,21,F,Sanikiluaq_SAN,SAN,Sanikiluaq,NA,NA,1997,6,12,BEL,no,PAN,0.584113,0.003736,0.044479,0.061063,0.247118,0.05949,635555,644004.8,834144,-0.04444
134.SAN.1997.BELUGA.ADN_20_05233.S_20_03816.dl.n_s.bam,S_20_03816,OQ554276,SAMN36656975,51,F,Sanikiluaq_SAN,SAN,Sanikiluaq,NA,NA,1997,6,26,BEL,no,PAN,0.680499,0.006786,0.046226,0.024744,0.225349,0.016395,638939,632719.2,819688,0.03327
125.SAN.1993.BELUGA.ADN_20_06003.S_20_03822.dl.n_s.bam,S_20_03822,OQ554277,SAMN36656976,19,M,Sanikiluaq_SAN,SAN,Sanikiluaq,NA,NA,1993,6,22,BEL,no,PAN,0.647536,0.031693,0.044837,0.058724,0.198781,0.018429,615753,603181.7,782168,0.07024
124.SAN.1993.BELUGA.ADN_20_06004.S_20_03827.dl.n_s.bam,S_20_03827,OQ554279,SAMN36656977,52,M,Sanikiluaq_SAN,SAN,Sanikiluaq,NA,NA,1993,6,16,BEL,no,WHB,0.99995,0.00001,0.00001,0.00001,0.00001,0.00001,631066,639935.7,829120,-0.04688
128.SAN.1994.BELUGA.ADN_20_05243.S_20_03830.dl.n_s.bam,S_20_03830,OQ554280,SAMN36656978,12,F,Sanikiluaq_SAN,SAN,Sanikiluaq,NA,NA,1994,6,21,BEL,no,PAN,0.64118,0.013694,0.029938,0.066179,0.208263,0.040746,642089,643571.4,833558,-0.0078
114.SAN.1994.BELUGA.ADN_20_05245.S_20_03832.dl.n_s.bam,S_20_03832,OQ554281,SAMN36656979,25,F,Sanikiluaq_SAN,SAN,Katapik,NA,NA,1994,6,25,BEL,no,PAN,0.704543,0.018685,0.037945,0.00001,0.20568,0.033137,634053,632023.2,818966,0.01086
127.SAN.1994.BELUGA.ADN_20_05248.S_20_03836.dl.n_s.bam,S_20_03836,OQ554282,SAMN36656980,25,M,Sanikiluaq_SAN,SAN,Sanikiluaq,NA,NA,1994,6,25,BEL,no,PAN,0.637453,0.019841,0.038582,0.048929,0.205829,0.049366,625896,619153.1,802789,0.03672
149.SAN.2005.BELUGA.ADN_20_05280.S_20_03876.dl.n_s.bam,S_20_03876,OQ554285,SAMN36656983,20,M,Sanikiluaq_SAN,SAN,Sanikiluaq,NA,NA,2005,5,28,BEL,no,JAM-BEL,0.00001,0.00001,0.99995,0.00001,0.00001,0.00001,640979,647363.3,838308,-0.03344
150.SAN.2005.BELUGA.ADN_20_05284.S_20_03880.dl.n_s.bam,S_20_03880,OQ554286,SAMN36656984,19,M,Sanikiluaq_SAN,SAN,Sanikiluaq,NA,NA,2005,5,8,BEL,no,JAM-BEL,0.00001,0.012252,0.987708,0.00001,0.00001,0.00001,636758,622326.6,806599,0.07832
148.SAN.2005.BELUGA.ADN_20_05285.S_20_03881.dl.n_s.bam,S_20_03881,OQ554287,SAMN36656985,26,M,Sanikiluaq_SAN,SAN,Sanikiluaq,NA,NA,2005,5,11,BEL,no,JAM-BEL,0.00001,0.00001,0.99995,0.00001,0.00001,0.00001,634675,625993.2,811058,0.04691
192.SAN.2018.BELUGA.ADN_20_05367.S_20_03965.dl.n_s.bam,S_20_03965,OQ554291,SAMN36656989,NA,F,Sanikiluaq_SAN,SAN,Wiegand_Island,56.68461,-79.24886,2018,6,11,BEL,no,PAN,0.618337,0.024296,0.051245,0.078634,0.203454,0.024036,620482,606614.5,786281,0.07718
190.SAN.2018.BELUGA.ADN_20_05370.S_20_03968.dl.n_s.bam,S_20_03968,OQ554292,SAMN36656990,NA,F,Sanikiluaq_SAN,SAN,Wiegand_Island,56.73242,-79.25686,2018,6,1,BEL,no,PAN,0.680844,0.012311,0.039609,0.048714,0.210437,0.008085,636132,626878.4,812323,0.0499
191.SAN.2018.BELUGA.ADN_20_05371.S_20_03969.dl.n_s.bam,S_20_03969,OQ554293,SAMN36656991,15,F,Sanikiluaq_SAN,SAN,Wiegand_Island,56.73241,-79.25686,2018,6,2,BEL,no,PAN,0.697817,0.03031,0.032296,0.00001,0.231107,0.00846,636082,628828.3,814754,0.03901
189.SAN.2018.BELUGA.ADN_20_05373.S_20_03971.dl.n_s.bam,S_20_03971,OQ554294,SAMN36656992,NA,M,Sanikiluaq_SAN,SAN,Wiegand_Island,56.68461,-79.24886,2018,6,11,BEL,no,PAN,0.663661,0.011631,0.034172,0.027036,0.257084,0.006416,636477,636739.5,824968,-0.00139
107.SAN.2018.BELUGA.ADN_20_05379.S_20_03977.dl.n_s.bam,S_20_03977,OQ554295,SAMN36656993,NA,F,Sanikiluaq_SAN,SAN,Claw_Point_Kataluuk,56.6294,-79.1402,2018,6,14,BEL,no,PAN,0.629407,0.033471,0.057238,0.064546,0.19033,0.025007,636648,620926.3,804872,0.08547
173.SAN.2019.BELUGA.ADN_20_05394.S_20_03992.dl.n_s.bam,S_20_03992,OQ554296,SAMN36656994,NA,F,Sanikiluaq_SAN,SAN,Sanikiluaq,NA,NA,2019,6,12,BEL,no,PAN,0.629347,0.033687,0.050368,0.075256,0.191485,0.019856,612815,599000.7,776481,0.07784
174.SAN.2019.BELUGA.ADN_20_05398.S_20_03996.dl.n_s.bam,S_20_03996,OQ554297,SAMN36656995,NA,F,Sanikiluaq_SAN,SAN,Sanikiluaq,NA,NA,2019,6,NA,BEL,no,PAN,0.815214,0.018444,0.015635,0.00001,0.126353,0.024343,633736,625661,810695,0.04364
167.SAN.2016.BELUGA.ADN_20_05407.S_20_04005.dl.n_s.bam,S_20_04005,OQ554298,SAMN36656996,NA,F,Sanikiluaq_SAN,SAN,Sanikiluaq,56.37045,-79.45097,2016,6,28,BEL,no,LGR,0.146602,0.000522,0.013557,0.079978,0.694304,0.065037,635544,636535.6,824692,-0.00527
170.SAN.2016.BELUGA.ADN_20_05408.S_20_04007.dl.n_s.bam,S_20_04007,OQ554299,SAMN36656997,32,M,Sanikiluaq_SAN,SAN,Sanikiluaq,56.37045,-79.45097,2016,6,28,BEL,no,LGR,0.00001,0.00001,0.00001,0.00001,0.99995,0.00001,639400,642732.4,832475,-0.01756
168.SAN.2016.BELUGA.ADN_20_05418.S_20_04017.dl.n_s.bam,S_20_04017,OQ554300,SAMN36656998,14,M,Sanikiluaq_SAN,SAN,Sanikiluaq,56.37128,-79.45097,2016,6,28,BEL,no,LGR,0.00001,0.00001,0.00001,0.00001,0.99995,0.00001,634894,633763.7,821112,0.00603
169.SAN.2016.BELUGA.ADN_20_05420.S_20_04019.dl.n_s.bam,S_20_04019,OQ554301,SAMN36656999,39,M,Sanikiluaq_SAN,SAN,Sanikiluaq,55.73578,-79.32612,2016,6,23,BEL,no,LGR,0.00001,0.00001,0.00001,0.00001,0.99995,0.00001,636661,629817.9,815967,0.03676
166.SAN.2016.BELUGA.ADN_20_05422.S_20_04021.dl.n_s.bam,S_20_04021,OQ554302,SAMN36657000,NA,M,Sanikiluaq_SAN,SAN,Sanikiluaq,56.31667,-79.46667,2016,6,28,BEL,no,LGR,0.00001,0.00001,0.00001,0.00001,0.99995,0.00001,635553,643377.9,833261,-0.04121
122.SAN.2017.BELUGA.ADN_20_05432.S_20_04031.dl.n_s.bam,S_20_04031,OQ554304,SAMN36657002,41,M,Sanikiluaq_SAN,SAN,Renouf_island,56.55162,-79.12278,2017,5,31,BEL,no,PAN,0.653889,0.013463,0.037634,0.039448,0.218928,0.036637,634338,633291.5,820418,0.00559
121.SAN.2017.BELUGA.ADN_20_05434.S_20_04033.dl.n_s.bam,S_20_04033,OQ554305,SAMN36657003,53,M,Sanikiluaq_SAN,SAN,Renouf_island,56.55162,-79.12278,2017,5,26,BEL,no,JAM-BEL,0.00001,0.00001,0.99995,0.00001,0.00001,0.00001,638338,634901,822443,0.01833
171.SAN.2017.BELUGA.ADN_20_05435.S_20_04034.dl.n_s.bam,S_20_04034,OQ554306,SAMN36657004,25,M,Sanikiluaq_SAN,SAN,Sanikiluaq,NA,NA,2017,5,23,BEL,no,JAM-BEL,0.00001,0.00001,0.99995,0.00001,0.00001,0.00001,638880,642771.5,832472,-0.02051
108.SAN.2019.BELUGA.ADN_20_05457.S_20_04056.dl.n_s.bam,S_20_04056,OQ554308,SAMN36657006,NA,M,Sanikiluaq_SAN,SAN,Claw_Point_Kataluuk,56.6047093,-79.1476503,2019,6,12,BEL,no,PAN,0.679811,0.023405,0.042057,0.034849,0.208487,0.011392,635468,629832.4,815940,0.03028
178.SAN.2020.BELUGA.ADN_20_05477.S_20_04076.dl.n_s.bam,S_20_04076,OQ554310,SAMN36657008,NA,F,Sanikiluaq_SAN,SAN,Belcher Island,56.62058,-79.3707,2020,5,25,BEL,no,PAN,0.64326,0.010213,0.051965,0.061869,0.209727,0.022966,632927,631480.7,818254,0.00774
176.SAN.2020.BELUGA.ADN_20_05488.S_20_04087.dl.n_s.bam,S_20_04087,OQ554311,SAMN36657009,NA,F,Sanikiluaq_SAN,SAN,Sanikiluaq,56.36579,-79.08809,2020,6,3,BEL,no,PAN,0.657112,0.013274,0.046149,0.039246,0.207989,0.036231,639542,631286.2,818108,0.04419
181.SAN.2020.BELUGA.ADN_20_05489.S_20_04088.dl.n_s.bam,S_20_04088,OQ554312,SAMN36657010,NA,F,Sanikiluaq_SAN,SAN,Sanikiluaq,NA,NA,2020,6,3,BEL,no,PAN,0.677659,0.024775,0.049282,0.017691,0.201088,0.029505,632275,627124.2,812625,0.02777
245.SHS.2003.BELUGA.ADN_20_02725.S_20_00905.dl.n_s.bam,S_20_00905,OQ554011,SAMN36656327,NA,M,South_Hudson_Strait_SHS,SHS,Falaise_Innijuaq,62.425,-75.41944444,2003,6,28,SHS,yes,PAN,0.58266,0.039246,0.012054,0.079514,0.263419,0.023108,615550,591708.9,767741,0.13544
281.SHS.2019.BELUGA.ADN_20_02324.S_20_01140.dl.n_s.bam,S_20_01140,OQ554027,SAMN36656463,19,M,South_Hudson_Strait_SHS,SHS,Salluit,NA,NA,2019,6,8,SHS,no,PAN,0.655318,0.020883,0.023623,0.09056,0.209606,0.00001,636137,623833.2,808639,0.06658
276.SHS.2019.BELUGA.ADN_20_04606.S_20_01149.dl.n_s.bam,S_20_01149,OQ554028,SAMN36656467,NA,F,South_Hudson_Strait_SHS,SHS,Quaqtaq,NA,NA,2019,6,15,SHS,no,PAN,0.526881,0.01918,0.012862,0.171837,0.243906,0.025334,626529,610855.6,791788,0.08663
266.SHS.2019.BELUGA.ADN_20_02312.S_20_01181.dl.n_s.bam,S_20_01181,OQ554041,SAMN36656480,18,M,South_Hudson_Strait_SHS,SHS,Nuvuk,61.078,-69.553,2019,6,10,SHS,no,PAN,0.519164,0.00001,0.036317,0.089376,0.292233,0.0629,598724,652671,844974,-0.28053
265.SHS.2019.BELUGA.ADN_20_02318.S_20_01182.dl.n_s.bam,S_20_01182,OQ554042,SAMN36656481,36,F,South_Hudson_Strait_SHS,SHS,Nuvuk,61.078,-69.553,2019,6,11,SHS,no,PAN,0.568974,0.039304,0.006351,0.087549,0.256544,0.041278,604104,585199.6,759333,0.10856
269.SHS.2019.BELUGA.ADN_20_02315.S_20_01644.dl.n_s.bam,S_20_01644,OQ554145,SAMN36656595,16,NA,South_Hudson_Strait_SHS,SHS,Nuvuk,61.078,-69.553,2019,6,10,SHS,no,PAN,0.584201,0.008275,0.015642,0.094134,0.268022,0.029725,636613,643958.1,834018,-0.03865
267.SHS.2019.BELUGA.ADN_20_02310.S_20_01680.dl.n_s.bam,S_20_01680,OQ554146,SAMN36656596,12,M,South_Hudson_Strait_SHS,SHS,Nuvuk,61.078,-69.553,2019,6,9,SHS,no,PAN,0.527798,0.024402,0.020512,0.130509,0.255617,0.041162,635709,630060.5,816492,0.0303
268.SHS.2019.BELUGA.ADN_20_02311.S_20_01699.dl.n_s.bam,S_20_01699,OQ554147,SAMN36656597,15,M,South_Hudson_Strait_SHS,SHS,Nuvuk,61.078,-69.553,2019,6,9,SHS,no,PAN,0.571146,0.031384,0.018316,0.089463,0.258577,0.031114,636352,629862.5,816167,0.03483
283.SHS.2019.BELUGA.ADN_20_02344.S_20_01705.dl.n_s.bam,S_20_01705,OQ554148,SAMN36656598,NA,M,South_Hudson_Strait_SHS,SHS,Sugluk_Island,NA,NA,2019,6,8,SHS,no,PAN,0.590317,0.016325,0.064812,0.054299,0.252816,0.021431,635353,632417.1,819526,0.01569
273.SHS.2013.BELUGA.ADN_20_04066.S_20_01998.dl.n_s.bam,S_20_01998,OQ554177,SAMN36656666,21,F,South_Hudson_Strait_SHS,SHS,Quaqtaq,61.077,-69.553,2013,6,24,SHS,no,PAN,0.586257,0.00001,0.00553,0.111594,0.292539,0.004071,631948,630482.9,817359,0.00784
254.SHS.2000.BELUGA.ADN_20_04454.S_20_02317.dl.n_s.bam,S_20_02317,OQ554183,SAMN36656705,NA,M,South_Hudson_Strait_SHS,SHS,Kangiqsujuaq,NA,NA,2000,6,26,SHS,no,PAN,0.583509,0.031121,0.014501,0.134342,0.227834,0.008693,606030,581933.5,755804,0.13859
263.SHS.2007.BELUGA.ADN_20_02564.S_20_02719.dl.n_s.bam,S_20_02719,OQ554189,SAMN36656750,41,F,South_Hudson_Strait_SHS,SHS,Nuvuk,61.164,-69.639,2007,6,22,SHS,no,PAN,0.621828,0.019772,0.024989,0.0724,0.252221,0.00879,640256,629829.1,816220,0.05594
255.SHS.2007.BELUGA.ADN_20_02545.S_20_02755.dl.n_s.bam,S_20_02755,OQ554190,SAMN36656754,28,M,South_Hudson_Strait_SHS,SHS,Kangiqsujuaq,61.598,-71.96,2007,6,7,SHS,no,PAN,0.584193,0.01667,0.026639,0.099475,0.248618,0.024404,632967,616639.8,799574,0.08925
243.SHS.2009.BELUGA.ADN_20_05055.S_20_02799.dl.n_s.bam,S_20_02799,OQ554191,SAMN36656756,13,M,South_Hudson_Strait_SHS,SHS,Camp_Imilimmiut,NA,NA,2009,6,26,SHS,no,PAN,0.590793,0.014628,0.021575,0.080897,0.256057,0.03605,624674,613402.7,795891,0.06176
282.SHS.2005.BELUGA.ADN_20_04236.S_20_03257.dl.n_s.bam,S_20_03257,OQ554202,SAMN36656832,25,F,South_Hudson_Strait_SHS,SHS,Salluit_Fjord,62.22,-75.673,2005,6,20,SHS,no,PAN,0.561484,0.039572,0.00001,0.151191,0.234831,0.012911,628384,617653,800672,0.05863
346.SLE.2018.BELUGA.ADN_20_04289.S_20_01763.dl.n_s.bam,S_20_01763,OQ554158,SAMN36656612,10,M,Saint_Laurent_SLE,SLE,Cap_aux_Oies,47.498137,-70.236441,2018,6,2,SLE,yes,SLE,0.00001,0.999946,0.00001,0.000014,0.00001,0.00001,658560,622306.2,806307,0.19703
350.SLE.2018.BELUGA.ADN_20_04285.S_20_01764.dl.n_s.bam,S_20_01764,OQ554159,SAMN36656613,47,F,Saint_Laurent_SLE,SLE,Ile_Verte,48.130667,-69.530167,2018,5,20,SLE,yes,SLE,0.00001,0.99995,0.00001,0.00001,0.00001,0.00001,659944,643818.1,833666,0.08494
357.SLE.2011.BELUGA.ADN_20_05805.S_20_01773.dl.n_s.bam,S_20_01773,OQ554162,SAMN36656619,0,F,Saint_Laurent_SLE,SLE,Rimouski_est,48.78527778,-68.54277778,2011,5,19,SLE,no,SLE,0.324366,0.566197,0.00001,0.042734,0.066683,0.00001,640876,626559.9,811850,0.07726
349.SLE.2017.BELUGA.ADN_20_05740.S_20_01785.dl.n_s.bam,S_20_01785,OQ554168,SAMN36656627,53,F,Saint_Laurent_SLE,SLE,Ile_aux_Basques,48.144625,-69.247415,2017,5,20,SLE,yes,SLE,0.00001,0.999949,0.00001,0.000011,0.00001,0.00001,656174,622231.5,806463,0.18424
355.SLE.2010.BELUGA.ADN_20_05806.S_20_03535.dl.n_s.bam,S_20_03535,OQ554234,SAMN36656892,51,F,Saint_Laurent_SLE,SLE,Rimouski,48.42944444,-68.59611111,2010,6,10,SLE,no,SLE,0.00001,0.99995,0.00001,0.00001,0.00001,0.00001,634156,596518.2,773459,0.21271
344.SLE.2019.BELUGA.ADN_20_05812.S_20_03537.dl.n_s.bam,S_20_03537,OQ554235,SAMN36656893,5,F,Saint_Laurent_SLE,SLE,Baie_des_Sables,48.722212,-67.89651,2019,4,8,SLE,no,SLE,0.00001,0.999948,0.00001,0.000011,0.000011,0.00001,661207,644912.5,835206,0.08563
356.SLE.2019.BELUGA.ADN_20_05092.S_20_03538.dl.n_s.bam,S_20_03538,OQ554236,SAMN36656894,2,M,Saint_Laurent_SLE,SLE,Rimouski,48.422994,-68.607249,2019,5,13,SLE,no,SLE,0.00001,0.999947,0.00001,0.000013,0.00001,0.00001,663390,646283.4,836907,0.08974
365.SLE.2019.BELUGA.ADN_20_05093.S_20_03539.dl.n_s.bam,S_20_03539,OQ554237,SAMN36656895,52,M,Saint_Laurent_SLE,SLE,Saint_Ulric,48.785139,-67.700917,2019,6,19,SLE,no,SLE,0.00001,0.999948,0.00001,0.000012,0.00001,0.00001,647589,615875.9,798100,0.17403
335.CBS.2002.BELUGA.ADN_20_04835.S_20_00661.dl.n_s.bam,S_20_00661,MW316168    ,SAMN36656168,17,F,Cumberland_Sound_CBS,CSB,Pangnirtung_Imigen,NA,NA,2002,7,6,CSB,yes,CBS,0.00001,0.00001,0.00001,0.99995,0.00001,0.00001,641460,640564.1,829609,0.00474
309.CBS.2002.BELUGA.ADN_20_01145.S_20_00662.dl.n_s.bam,S_20_00662,OQ553966,SAMN36656169,NA,F,Cumberland_Sound_CBS,CSB,Pangnirtung,NA,NA,2002,7,25,CSB,yes,CBS,0.106333,0.009898,0.012771,0.744431,0.06817,0.058397,630187,625401.4,810536,0.02585
327.CBS.2002.BELUGA.ADN_20_02299.S_20_00663.dl.n_s.bam,S_20_00663,OQ553967,SAMN36656170,27,M,Cumberland_Sound_CBS,CSB,Pangnirtung_Bon_Accord,NA,NA,2002,7,22,CSB,no,CBS,0.00001,0.00001,0.00001,0.99995,0.00001,0.00001,634402,622161.7,806529,0.06639
328.CBS.2005.BELUGA.ADN_20_02296.S_20_00664.dl.n_s.bam,S_20_00664,OQ553968,SAMN36656171,31,M,Cumberland_Sound_CBS,CSB,Pangnirtung_Bon_Accord,65.216271,-65.750172,2005,8,4,CSB,yes,PAN,0.594691,0.034996,0.02747,0.083352,0.24635,0.013142,618716,599919.9,777736,0.10571
339.CBS.2002.BELUGA.ADN_20_01139.S_20_00691.dl.n_s.bam,S_20_00691,MW316165    ,SAMN36656187,19,F,Cumberland_Sound_CBS,CSB,Pangnirtung_Imilit,NA,NA,2002,7,22,CSB,no,CBS,0.00001,0.00001,0.00001,0.99995,0.00001,0.00001,636265,634782.8,822595,0.00789
316.CBS.2005.BELUGA.ADN_20_02375.S_20_00693.dl.n_s.bam,S_20_00693,OQ553974,SAMN33394065,24,M,Cumberland_Sound_CBS,CSB,Pangnirtung,NA,NA,2005,7,NA,CSB,no,PAN,0.521074,0.001764,0.033778,0.156311,0.271352,0.015721,640186,641609.5,831035,-0.00751
326.CBS.2002.BELUGA.ADN_20_02300.S_20_00694.dl.n_s.bam,S_20_00694,OQ553975,SAMN36656189,27,M,Cumberland_Sound_CBS,CSB,Pangnirtung_Angijak_Island,66.01,-63.02,2002,7,22,CSB,no,CBS,0.00001,0.00001,0.00001,0.99995,0.00001,0.00001,638838,636769,824968,0.01099
319.CBS.2006.BELUGA.ADN_20_02380.S_20_00703.dl.n_s.bam,S_20_00703,MW316171    ,SAMN32779554,40,M,Cumberland_Sound_CBS,CSB,Pangnirtung,NA,NA,2006,7,1,CSB,yes,CBS,0.00001,0.00001,0.00001,0.81004,0.036735,0.153195,639112,646037.7,836639,-0.03634
333.CBS.2002.BELUGA.ADN_20_02420.S_20_00776.dl.n_s.bam,S_20_00776,OQ553996,SAMN36656245,32,M,Cumberland_Sound_CBS,CSB,Pangnirtung_Ilugajut,NA,NA,2002,7,NA,CSB,yes,CBS,0.00001,0.00001,0.00001,0.99995,0.00001,0.00001,636861,644246.2,834376,-0.03884
338.CBS.2002.BELUGA.ADN_20_02298.S_20_00778.dl.n_s.bam,S_20_00778,MW316169    ,SAMN36656247,38,M,Cumberland_Sound_CBS,CSB,Pangnirtung_Imilit,NA,NA,2002,7,6,CSB,yes,CBS,0.068698,0.000126,0.005428,0.708385,0.093924,0.123439,636189,625811.6,811127,0.056
324.CBS.2007.BELUGA.ADN_20_02283.S_20_00781.dl.n_s.bam,S_20_00781,OQ553998,SAMN36656250,13,F,Cumberland_Sound_CBS,CSB,Pangnirtung,NA,NA,2007,7,4,CSB,yes,CBS,0.00001,0.00001,0.00001,0.99995,0.00001,0.00001,634351,625042.4,810053,0.05031
341.CBS.2007.BELUGA.ADN_20_02285.S_20_00784.dl.n_s.bam,S_20_00784,OQ554000,SAMN36656252,29,M,Cumberland_Sound_CBS,CSB,Pangnirtung_Kangilo_Fjord,NA,NA,2007,7,4,CSB,yes,CBS,0.052061,0.00001,0.008696,0.675487,0.137922,0.125825,637883,639413.4,828366,-0.0081
322.CBS.2006.BELUGA.ADN_20_02286.S_20_00785.dl.n_s.bam,S_20_00785,OQ554001,SAMN36656253,NA,F,Cumberland_Sound_CBS,CSB,Pangnirtung,NA,NA,2006,7,18,CSB,no,CBS,0.00001,0.00001,0.00001,0.99995,0.00001,0.00001,631497,620756.5,804643,0.05841
340.CBS.2009.BELUGA.ADN_20_04646.S_20_01255.dl.n_s.bam,S_20_01255,OQ554053,SAMN36656488,NA,M,Cumberland_Sound_CBS,CSB,Pangnirtung_Imilit,65.890667,-67.195387,2009,7,4,CSB,no,PAN,0.604222,0.011663,0.010215,0.091304,0.249925,0.032672,639712,641743.9,831184,-0.01073
336.CBS.1997.BELUGA.ADN_20_04666.S_20_01270.dl.n_s.bam,S_20_01270,OQ554058,SAMN36656493,25,M,Cumberland_Sound_CBS,CSB,Pangnirtung_Imilit,NA,NA,1997,7,13,CSB,no,CBS,0.00001,0.00001,0.00001,0.869626,0.00001,0.130334,635379,631488.5,818354,0.02082
305.CBS.1997.BELUGA.ADN_20_05020.S_20_01273.dl.n_s.bam,S_20_01273,OQ554059,SAMN36656494,24,M,Cumberland_Sound_CBS,CSB,NA,NA,NA,1997,7,15,CSB,no,CBS,0.009739,0.000024,0.00001,0.809296,0.087396,0.093535,644075,639118,827985,0.02625
303.CBS.1997.BELUGA.ADN_20_04678.S_20_01327.dl.n_s.bam,S_20_01327,OQ554072,SAMN36656507,21,M,Cumberland_Sound_CBS,CSB,NA,NA,NA,1997,7,8,CSB,no,CBS,0.00001,0.00001,0.00001,0.99995,0.00001,0.00001,635103,640431.2,829678,-0.02815
306.CBS.2001.BELUGA.ADN_20_04816.S_20_01329.dl.n_s.bam,S_20_01329,OQ554073,SAMN36656508,13,F,Cumberland_Sound_CBS,CSB,NA,NA,NA,2001,7,9,CSB,no,CBS,0.081409,0.006034,0.00001,0.767327,0.088021,0.057199,630971,623002.8,807485,0.04319
297.CBS.2000.BELUGA.ADN_20_04814.S_20_01335.dl.n_s.bam,S_20_01335,OQ554075,SAMN36656510,6,F,Cumberland_Sound_CBS,CSB,Aupaluktok_Island,NA,NA,2000,7,10,CSB,no,CBS,0.00001,0.00001,0.018659,0.78263,0.057234,0.141458,635207,642132.2,831793,-0.03651
304.CBS.1997.BELUGA.ADN_20_04853.S_20_01409.dl.n_s.bam,S_20_01409,OQ554096,SAMN36656531,19,M,Cumberland_Sound_CBS,CSB,NA,NA,NA,1997,7,5,CSB,no,CBS,0.00001,0.00001,0.00001,0.99995,0.00001,0.00001,639212,632571.1,819647,0.0355
332.CBS.2002.BELUGA.ADN_20_02301.S_20_01418.dl.n_s.bam,S_20_01418,OQ554101,SAMN36656536,23,F,Cumberland_Sound_CBS,CSB,Pangnirtung_Cumberland_Sound,NA,NA,2002,7,22,CSB,yes,CBS,0.063851,0.00001,0.023863,0.746111,0.073972,0.092193,639925,635602,823523,0.023
330.CBS.1997.BELUGA.ADN_20_04935.S_20_01430.dl.n_s.bam,S_20_01430,OQ554104,SAMN36656539,33,M,Cumberland_Sound_CBS,CSB,Pangnirtung_Cumberland_Sound,NA,NA,1997,7,9,CSB,no,CBS,0.00001,0.00001,0.00001,0.99995,0.00001,0.00001,637949,636572.9,824584,0.00732
331.CBS.1997.BELUGA.ADN_20_04937.S_20_01432.dl.n_s.bam,S_20_01432,OQ554105,SAMN36656540,18,M,Cumberland_Sound_CBS,CSB,Pangnirtung_Cumberland_Sound,NA,NA,1997,7,15,CSB,no,CBS,0.00001,0.00001,0.00001,0.99995,0.00001,0.00001,636837,636214,824274,0.00331
301.CBS.1984.BELUGA.ADN_20_05960.S_20_01539.dl.n_s.bam,S_20_01539,OQ554131,SAMN36656565,15,F,Cumberland_Sound_CBS,CSB,Clearwater_Fiord,65.13,-65.45,1984,8,25,CSB,no,CBS,0.063794,0.006345,0.013404,0.716757,0.093392,0.106307,635680,632574.4,819725,0.01659
329.CBS.2010.BELUGA.ADN_20_05937.S_20_01546.dl.n_s.bam,S_20_01546,OQ554132,SAMN36656566,34,F,Cumberland_Sound_CBS,CSB,Pangnirtung_Bon_Accord,65.216271,-65.750172,2010,7,6,CSB,no,CBS,0.00001,0.00001,0.00001,0.99995,0.00001,0.00001,640762,633158.2,820390,0.04061
298.CBS.1982.BELUGA.ADN_20_05930.S_20_01556.dl.n_s.bam,S_20_01556,OQ554136,SAMN36656570,NA,M,Cumberland_Sound_CBS,CSB,Clearwater_Fiord,66.5674,-67.4474,1982,7,21,CSB,no,CBS,0.00001,0.00001,0.00001,0.822189,0.00001,0.177771,639382,645681.8,836175,-0.03307
302.CBS.2016.BELUGA.ADN_20_05906.S_20_01580.dl.n_s.bam,S_20_01580,OQ554140,SAMN36656574,18,M,Cumberland_Sound_CBS,CSB,Cumberland_sound_Ingiiqtivvik,NA,NA,2016,7,7,CSB,no,PAN,0.535736,0.020206,0.015764,0.135455,0.263965,0.028874,628956,623396.1,808083,0.0301
299.CBS.1984.BELUGA.ADN_20_05878.S_20_01597.dl.n_s.bam,S_20_01597,OQ554143,SAMN36656577,25,M,Cumberland_Sound_CBS,CSB,Clearwater_Fiord,NA,NA,1984,8,16,CSB,no,PAN,0.643476,0.001542,0.013676,0.078082,0.229143,0.03408,630993,627248.7,813039,0.02015
300.CBS.1994.BELUGA.ADN_20_05968.S_20_03496.dl.n_s.bam,S_20_03496,OQ554221,SAMN36656868,11,M,Cumberland_Sound_CBS,CSB,Clearwater_Fiord,66.5674,-67.4474,1994,7,23,CSB,no,CBS,0.00001,0.000013,0.00001,0.999947,0.00001,0.00001,635451,627993.2,813850,0.04013
325.CBS.2007.BELUGA.ADN_20_02294.S_20_03509.dl.n_s.bam,S_20_03509,OQ554225,SAMN36656874,NA,F,Cumberland_Sound_CBS,CSB,Pangnirtung,66.2689,-67.1083,2007,7,12,CSB,yes,CBS,0.00001,0.00001,0.00001,0.99995,0.00001,0.00001,639398,632679.3,819676,0.03593
323.CBS.2007.BELUGA.ADN_20_02295.S_20_03510.dl.n_s.bam,S_20_03510,OQ554226,SAMN36656875,NA,F,Cumberland_Sound_CBS,CSB,Pangnirtung,66.2689,-67.1083,2007,7,12,CSB,yes,CBS,0.00001,0.00001,0.00001,0.99995,0.00001,0.00001,633683,627600.6,813466,0.03272
313.CBS.2002.BELUGA.ADN_20_02297.S_20_03511.dl.n_s.bam,S_20_03511,OQ554227,SAMN36656876,41,M,Cumberland_Sound_CBS,CSB,Pangnirtung,NA,NA,2002,7,NA,CSB,no,CBS,0.055103,0.00001,0.00293,0.763607,0.047836,0.130514,637941,636201.3,824242,0.00925
342.CBS.2002.BELUGA.ADN_20_01137.S_20_03522.dl.n_s.bam,S_20_03522,OQ554230,SAMN36656885,NA,M,Cumberland_Sound_CBS,CSB,Pangnirtung_West_Cumberland_Sound,65.24083333,-66.65805556,2002,7,NA,CSB,yes,CBS,0.00001,0.00001,0.00001,0.99995,0.00001,0.00001,629533,620179.3,803859,0.05092
296.FRB.2002.BELUGA.ADN_20_04810.S_20_01331.dl.n_s.bam,S_20_01331,OQ554074,SAMN36656509,6,F,Frobisher_Bay_FRB,FRB,Iqaluit,NA,NA,2002,7,26,FRB,no,PAN,0.617103,0.019733,0.013399,0.107325,0.23572,0.006721,634631,628506.2,814324,0.03296
290.FRB.1997.BELUGA.ADN_20_04855.S_20_01400.dl.n_s.bam,S_20_01400,OQ554095,SAMN36656530,19,M,Frobisher_Bay_FRB,FRB,Iqaluit,NA,NA,1997,8,2,FRB,no,PAN,0.451326,0.014853,0.027115,0.148789,0.276602,0.081315,631926,625936,811288,0.03232
294.FRB.1996.BELUGA.ADN_20_04926.S_20_01434.dl.n_s.bam,S_20_01434,MW316138 ,SAMN36656541,9,F,Frobisher_Bay_FRB,FRB,NA,NA,NA,1996,7,16,FRB,no,PAN,0.490356,0.030417,0.017491,0.178606,0.244068,0.039062,620735,604509,783870,0.09047
295.FRB.1996.BELUGA.ADN_20_04929.S_20_01437.dl.n_s.bam,S_20_01437,OQ554107,SAMN36656542,10,M,Frobisher_Bay_FRB,FRB,NA,NA,NA,1996,7,18,FRB,no,PAN,0.553796,0.019941,0.01227,0.101765,0.276482,0.035746,638347,635862.4,823806,0.01322
293.FRB.1996.BELUGA.ADN_20_04930.S_20_01438.dl.n_s.bam,S_20_01438,OQ554108,SAMN36656543,6,F,Frobisher_Bay_FRB,FRB,NA,NA,NA,1996,8,11,FRB,no,PAN,0.552197,0.002899,0.013678,0.128193,0.27604,0.026993,635396,635443.2,823344,-0.00025
289.FRB.1996.BELUGA.ADN_20_04918.S_20_01444.dl.n_s.bam,S_20_01444,OQ554110,SAMN36656545,10,M,Frobisher_Bay_FRB,FRB,Hidden_Bay,NA,NA,1996,8,5,FRB,no,PAN,0.614893,0.016821,0.009096,0.019954,0.318204,0.021032,635534,631376.3,818083,0.02227
291.FRB.1993.BELUGA.ADN_20_04901.S_20_01454.dl.n_s.bam,S_20_01454,OQ554112,SAMN36656547,30,M,Frobisher_Bay_FRB,FRB,Kajoosie_Inlet,NA,NA,1993,8,17,FRB,no,PAN,0.351319,0.014807,0.009729,0.408697,0.155979,0.059468,639339,634446.4,822029,0.02608
292.FRB.1994.BELUGA.ADN_20_04909.S_20_01462.dl.n_s.bam,S_20_01462,OQ554113,SAMN36656548,11,M,Frobisher_Bay_FRB,FRB,NA,NA,NA,1994,7,23,FRB,no,PAN,0.568134,0.004467,0.017102,0.099419,0.26551,0.045368,637238,639442.1,828337,-0.01167
66.JAM.2007.BELUGA.ADN_20_00971.S_20_00622.dl.n_s.bam,S_20_00622,OQ553963,SAMN36656139,NA,F,James_Bay_JAM,JAM,Pointe_de_Repentigny,52.64,-78.856,2007,8,9,JAM,yes,JAM-BEL,0.00001,0.00001,0.99995,0.00001,0.00001,0.00001,642163,638167.8,826714,0.02119
65.JAM.2007.BELUGA.ADN_20_00975.S_20_00699.dl.n_s.bam,S_20_00699,MW316150    ,SAMN36656192,NA,M,James_Bay_JAM,JAM,Pointe_de_Repentigny,52.64,-78.856,2007,8,25,JAM,yes,JAM-BEL,0.00001,0.00001,0.99995,0.00001,0.00001,0.00001,640431,635121.4,822838,0.02829
68.JAM.2008.BELUGA.ADN_20_02349.S_20_00710.dl.n_s.bam,S_20_00710,MW316145    ,SAMN36656195,NA,F,James_Bay_JAM,JAM,Pointe_de_Repentigny_James_Bay,52.64,-78.856,2008,8,10,JAM,yes,JAM-BEL,0.00001,0.00001,0.99995,0.00001,0.00001,0.00001,640810,639196.8,827958,0.00855
64.JAM.2007.BELUGA.ADN_20_02340.S_20_00711.dl.n_s.bam,S_20_00711,MW316148    ,SAMN36656196,NA,M,James_Bay_JAM,JAM,Pointe_de_Repentigny,52.64,-78.856,2007,8,9,JAM,yes,JAM-BEL,0.00001,0.00001,0.99995,0.00001,0.00001,0.00001,624840,608564.2,788643,0.09038
61.JAM.2003.BELUGA.ADN_20_01040.S_20_01154.dl.n_s.bam,S_20_01154,OQ554031,SAMN36656470,22,M,James_Bay_JAM,JAM,James_Bay,53.08333333,-80.58333333,2003,7,22,JAM,yes,JAM-BEL,0.00001,0.00001,0.99995,0.00001,0.00001,0.00001,644668,643603.6,833637,0.0056
71.JAM.2009.BELUGA.ADN_20_05089.S_20_03444.dl.n_s.bam,S_20_03444,OQ554213,SAMN36656850,NA,M,James_Bay_JAM,JAM,Pointe_de_Repentigny_James_Bay,52.64,-78.856,2009,7,29,JAM,no,JAM-BEL,0.00001,0.00001,0.99995,0.00001,0.00001,0.00001,645950,642431.1,832112,0.01855
73.JAM.2009.BELUGA.ADN_20_01167.S_20_03447.dl.n_s.bam,S_20_03447,MW316147    ,SAMN36656852,NA,F,James_Bay_JAM,JAM,Pointe_de_Repentigny_James_Bay,52.64,-78.856,2009,8,1,JAM,yes,JAM-BEL,0.00001,0.00001,0.99995,0.00001,0.00001,0.00001,640313,629788,816081,0.0565
72.JAM.2009.BELUGA.ADN_20_01168.S_20_03448.dl.n_s.bam,S_20_03448,OQ554215,SAMN36656853,NA,F,James_Bay_JAM,JAM,Pointe_de_Repentigny_James_Bay,52.64,-78.856,2009,8,9,JAM,yes,JAM-BEL,0.00001,0.00001,0.99995,0.00001,0.00001,0.00001,639258,632180.9,819091,0.03786
70.JAM.2008.BELUGA.ADN_20_02347.S_20_03453.dl.n_s.bam,S_20_03453,MW316151    ,SAMN36656858,NA,M,James_Bay_JAM,JAM,Pointe_de_Repentigny_James_Bay,52.64,-78.856,2008,8,8,JAM,yes,JAM-BEL,0.00001,0.00001,0.99995,0.00001,0.00001,0.00001,642498,629496.4,815569,0.06987
69.JAM.2008.BELUGA.ADN_20_02350.S_20_03455.dl.n_s.bam,S_20_03455,MW316146    ,SAMN36656860,NA,F,James_Bay_JAM,JAM,Pointe_de_Repentigny_James_Bay,52.64,-78.856,2008,8,16,JAM,yes,JAM-BEL,0.00001,0.00001,0.964396,0.020955,0.00001,0.014619,636876,641551.5,830975,-0.02468
194.NHB.1993.BELUGA.ADN_20_02014.S_20_00929.dl.n_s.bam,S_20_00929,OQ554012,SAMN36656344,27,M,North_Hudson_Bay_NHB,NHB,Coral_Harbour,NA,NA,1993,7,27,WHB,yes,PAN,0.571014,0.005503,0.006914,0.108146,0.265664,0.042759,635450,636365,824534,-0.00486
198.NHB.1999.BELUGA.ADN_20_02052.S_20_01051.dl.n_s.bam,S_20_01051,OQ554019,SAMN36656416,21,M,North_Hudson_Bay_NHB,NHB,Coral_Harbour,NA,NA,1999,8,16,WHB,yes,PAN,0.607031,0.018789,0.01194,0.0991,0.22954,0.0336,630441,624695.3,809636,0.03107
197.NHB.1999.BELUGA.ADN_20_01276.S_20_01052.dl.n_s.bam,S_20_01052,OQ554020,SAMN36656417,21,M,North_Hudson_Bay_NHB,NHB,Coral_Harbour,NA,NA,1999,8,16,WHB,no,PAN,0.618072,0.017095,0.014671,0.139862,0.210289,0.00001,637343,623619,808455,0.07425
200.NHB.2000.BELUGA.ADN_20_04748.S_20_01062.dl.n_s.bam,S_20_01062,OQ554021,SAMN36656419,9,F,North_Hudson_Bay_NHB,NHB,Coral_Harbour_Snafu,NA,NA,2000,8,24,WHB,yes,PAN,0.582033,0.025,0.039625,0.092153,0.226671,0.034518,642166,631695.4,818356,0.05609
202.NHB.2000.BELUGA.ADN_20_04752.S_20_01063.dl.n_s.bam,S_20_01063,OQ554022,SAMN36656420,13,F,North_Hudson_Bay_NHB,NHB,Coral_Harbour_Bear_Island,NA,NA,2000,8,25,WHB,yes,PAN,0.572784,0.016415,0.00001,0.086657,0.275916,0.048219,638532,635668.3,823476,0.01525
199.NHB.2000.BELUGA.ADN_20_04746.S_20_01066.dl.n_s.bam,S_20_01066,OQ554023,SAMN36656422,8,F,North_Hudson_Bay_NHB,NHB,Coral_Harbour,NA,NA,2000,8,24,WHB,yes,PAN,0.662449,0.001937,0.010433,0.065181,0.229472,0.030529,636316,645004.3,835286,-0.04566
205.NHB.2000.BELUGA.ADN_20_04749.S_20_01067.dl.n_s.bam,S_20_01067,OQ554024,SAMN36656423,5,F,North_Hudson_Bay_NHB,NHB,Coral_Harbour_Kirchoffer_Point,NA,NA,2000,8,24,WHB,no,PAN,0.566,0.01193,0.013515,0.093998,0.256156,0.058401,632509,636076.6,824268,-0.01896
207.NHB.2007.BELUGA.ADN_20_04654.S_20_01259.dl.n_s.bam,S_20_01259,OQ554054,SAMN36656489,33,M,North_Hudson_Bay_NHB,NHB,NA,NA,NA,2007,8,16,WHB,no,PAN,0.602183,0.02035,0.015141,0.084969,0.244366,0.032991,642234,632244.6,818981,0.05349
208.NHB.2007.BELUGA.ADN_20_05021.S_20_01260.dl.n_s.bam,S_20_01260,OQ554055,SAMN36656490,36,M,North_Hudson_Bay_NHB,NHB,NA,NA,NA,2007,8,16,WHB,no,PAN,0.596502,0.023289,0.004039,0.090768,0.264251,0.021152,640323,627713.7,813377,0.06791
206.NHB.2007.BELUGA.ADN_20_04657.S_20_01261.dl.n_s.bam,S_20_01261,OQ554056,SAMN36656491,17,F,North_Hudson_Bay_NHB,NHB,NA,NA,NA,2007,8,14,WHB,no,PAN,0.560925,0.029658,0.027237,0.09641,0.236358,0.049412,629549,623360,807975,0.03352
203.NHB.2000.BELUGA.ADN_20_04743.S_20_01279.dl.n_s.bam,S_20_01279,OQ554061,SAMN36656496,18,M,North_Hudson_Bay_NHB,NHB,Coral_Harbour_Bear_Island,NA,NA,2000,8,25,WHB,no,PAN,0.5587,0.021792,0.010223,0.103814,0.254713,0.050759,630590,624563.5,809304,0.03262
218.NHB.2009.BELUGA.ADN_20_04805.S_20_01359.dl.n_s.bam,S_20_01359,OQ554082,SAMN36656517,NA,F,North_Hudson_Bay_NHB,NHB,Snafu,NA,NA,2009,8,17,WHB,no,PAN,0.607128,0.01123,0.01715,0.0771,0.240323,0.047069,638930,641848.8,831276,-0.01541
204.NHB.2001.BELUGA.ADN_20_04877.S_20_01384.dl.n_s.bam,S_20_01384,OQ554087,SAMN36656522,9,M,North_Hudson_Bay_NHB,NHB,Coral_Harbour_Bear_Island,NA,NA,2001,8,8,WHB,no,PAN,0.508931,0.019897,0.028092,0.101658,0.287078,0.054343,639434,641030.3,830198,-0.00844
209.NHB.2001.BELUGA.ADN_20_05953.S_20_01388.dl.n_s.bam,S_20_01388,OQ554089,SAMN36656524,26,M,North_Hudson_Bay_NHB,NHB,Native_Point,NA,NA,2001,7,27,WHB,no,PAN,0.570043,0.007438,0.024281,0.115013,0.25819,0.025034,630337,626136,811542,0.02266
210.NHB.2001.BELUGA.ADN_20_04881.S_20_01390.dl.n_s.bam,S_20_01390,OQ554090,SAMN36656525,29,M,North_Hudson_Bay_NHB,NHB,Native_Point,NA,NA,2001,7,27,WHB,no,PAN,0.541523,0.012218,0.004651,0.121797,0.257727,0.062085,634527,629912.2,816197,0.02477
201.NHB.2001.BELUGA.ADN_20_04872.S_20_01391.dl.n_s.bam,S_20_01391,OQ554091,SAMN36656526,5,M,North_Hudson_Bay_NHB,NHB,Coral_Harbour,NA,NA,2001,8,3,WHB,no,PAN,0.201907,0.030179,0.048651,0.313351,0.260539,0.145374,638596,635037.5,822499,0.01898
211.NHB.2001.BELUGA.ADN_20_04873.S_20_01392.dl.n_s.bam,S_20_01392,OQ554092,SAMN36656527,NA,M,North_Hudson_Bay_NHB,NHB,Native_Point,NA,NA,2001,7,27,WHB,no,PAN,0.530225,0.00915,0.024857,0.107906,0.287352,0.040511,638030,644222.1,834308,-0.03258
212.NHB.2001.BELUGA.ADN_20_04874.S_20_01393.dl.n_s.bam,S_20_01393,OQ554093,SAMN36656528,18,M,North_Hudson_Bay_NHB,NHB,Native_Point,NA,NA,2001,7,27,WHB,no,PAN,0.495188,0.002268,0.02503,0.154359,0.271224,0.05193,637113,637255.2,825517,-0.00076
214.NHB.2001.BELUGA.ADN_20_04876.S_20_01394.dl.n_s.bam,S_20_01394,OQ554094,SAMN36656529,9,F,North_Hudson_Bay_NHB,NHB,Nunaguluk,NA,NA,2001,8,19,WHB,no,PAN,0.638815,0.002559,0.025648,0.062372,0.234833,0.035773,641565,641580.3,830965,-0.00008
216.NHB.2001.BELUGA.ADN_20_04867.S_20_01413.dl.n_s.bam,S_20_01413,OQ554098,SAMN36656533,22,M,North_Hudson_Bay_NHB,NHB,Nuvua,NA,NA,2001,8,3,WHB,no,PAN,0.53909,0.010181,0.011545,0.129265,0.255333,0.054585,638143,637662.7,826048,0.00255
213.NHB.2001.BELUGA.ADN_20_04869.S_20_01414.dl.n_s.bam,S_20_01414,OQ554099,SAMN36656534,12,F,North_Hudson_Bay_NHB,NHB,Native_Point,NA,NA,2001,7,27,WHB,no,PAN,0.644559,0.017759,0.017246,0.061361,0.2203,0.038774,642200,629216.2,815348,0.06976
219.NHB.2001.BELUGA.ADN_20_04870.S_20_01415.dl.n_s.bam,S_20_01415,OQ554100,SAMN36656535,13,F,North_Hudson_Bay_NHB,NHB,Town,NA,NA,2001,8,30,WHB,no,PAN,0.587847,0.024048,0.001561,0.117867,0.236628,0.03205,634002,625485.1,810603,0.04601
217.NHB.2001.BELUGA.ADN_20_04898.S_20_01480.dl.n_s.bam,S_20_01480,OQ554119,SAMN36656553,12,M,North_Hudson_Bay_NHB,NHB,on_water_800_yds_from_town,NA,NA,2001,8,20,WHB,no,PAN,0.616966,0.018277,0.015246,0.086311,0.234657,0.028543,639802,643559.4,833492,-0.01978
215.NHB.2001.BELUGA.ADN_20_05970.S_20_03497.dl.n_s.bam,S_20_03497,OQ554222,SAMN36656869,1,M,North_Hudson_Bay_NHB,NHB,Nunaguluk,NA,NA,2001,8,22,WHB,no,PAN,0.666763,0.025531,0.019506,0.098089,0.186808,0.003303,626617,613694.6,795342,0.07114
223.NHS.1993.BELUGA.ADN_20_04900.S_20_01453.dl.n_s.bam,S_20_01453,OQ554111,SAMN36656546,68,F,North_Hudson_Strait_NHS,NHS,Big_Island_Area,NA,NA,1993,7,10,NHS,no,PAN,0.579161,0.022302,0.017896,0.098713,0.235956,0.045973,635860,637035,825312,-0.00624
231.NHS.1989.BELUGA.ADN_20_05001.S_20_01528.dl.n_s.bam,S_20_01528,OQ554129,SAMN36656563,19,M,North_Hudson_Strait_NHS,NHS,Maniittur_Cape_Kimmirut,62.5,-69.51,1989,7,10,NHS,no,PAN,0.537532,0.005365,0.038652,0.105061,0.272186,0.041205,633450,645042,835456,-0.06088
16.NWH.1999.BELUGA.ADN_20_02092.S_20_00657.dl.n_s.bam,S_20_00657,OQ553964,SAMN36656165,9,M,North_West_Hudson_NWH,NWH,Arviat_Sentry Island,NA,NA,1999,8,12,WHB,yes,CBS,0.0263,0.00001,0.005873,0.752933,0.10497,0.109915,636067,638569.3,827219,-0.01326
44.NWH.1992.BELUGA.ADN_20_01413.S_20_00678.dl.n_s.bam,S_20_00678,MW316239    ,SAMN36656178,NA,M,North_West_Hudson_NWH,NWH,Churchill,58.743,-94.386,1992,7,4,WHB,yes,PAN,0.455497,0.022967,0.223397,0.074946,0.164175,0.059018,624787,610518.3,792094,0.07858
18.NWH.1999.BELUGA.ADN_20_01484.S_20_00681.dl.n_s.bam,S_20_00681,OQ553971,SAMN36656179,26,NA,North_West_Hudson_NWH,NWH,Arviat_McConnel River,NA,NA,1999,8,11,WHB,yes,PAN,0.642289,0.01629,0.037916,0.072732,0.194537,0.036236,633034,618206.7,801425,0.08093
17.NWH.1999.BELUGA.ADN_20_01402.S_20_00682.dl.n_s.bam,S_20_00682,OQ553972,SAMN36656180,4,M,North_West_Hudson_NWH,NWH,Arviat,NA,NA,1999,8,11,WHB,no,PAN,0.607274,0.01415,0.005974,0.092823,0.26055,0.01923,615889,602540.5,782191,0.0743
22.NWH.2003.BELUGA.ADN_20_02360.S_20_00792.dl.n_s.bam,S_20_00792,OQ554002,SAMN36656258,24,M,North_West_Hudson_NWH,NWH,Arviat,NA,NA,2003,8,10,WHB,yes,PAN,0.678236,0.019291,0.023803,0.036979,0.20198,0.03971,626308,615019.9,797314,0.06192
23.NWH.2003.BELUGA.ADN_20_01016.S_20_00795.dl.n_s.bam,S_20_00795,OQ554003,SAMN36656261,24,F,North_West_Hudson_NWH,NWH,Arviat,NA,NA,2003,8,17,WHB,yes,PAN,0.658561,0.00001,0.014198,0.035374,0.256408,0.035448,637921,639704.7,828623,-0.00944
24.NWH.2003.BELUGA.ADN_20_02352.S_20_00804.dl.n_s.bam,S_20_00804,OQ554004,SAMN36656269,4,M,North_West_Hudson_NWH,NWH,Arviat,NA,NA,2003,8,14,WHB,yes,PAN,0.550138,0.00001,0.059536,0.088652,0.232323,0.069342,620490,653058.4,845453,-0.16928
52.NWH.1997.BELUGA.ADN_20_01203.S_20_01022.dl.n_s.bam,S_20_01022,OQ554017,SAMN36656398,5,F,North_West_Hudson_NWH,NWH,Whale_Cove,NA,NA,1997,8,10,WHB,yes,PAN,0.670346,0.030588,0.015015,0.078465,0.200367,0.005218,622543,604704.1,784349,0.0993
27.NWH.2009.BELUGA.ADN_20_04617.S_20_01230.dl.n_s.bam,S_20_01230,OQ554050,SAMN36656485,NA,M,North_West_Hudson_NWH,NWH,Arviat,NA,NA,2009,8,20,WHB,no,PAN,0.636412,0.021891,0.010999,0.082648,0.241723,0.006327,631879,619947,803536,0.06499
26.NWH.2009.BELUGA.ADN_20_04620.S_20_01233.dl.n_s.bam,S_20_01233,OQ554051,SAMN36656486,NA,M,North_West_Hudson_NWH,NWH,Arviat,NA,NA,2009,8,20,WHB,no,PAN,0.688242,0.00001,0.006818,0.085566,0.217481,0.001882,635173,629202.1,815211,0.0321
31.NWH.1999.BELUGA.ADN_20_04639.S_20_01250.dl.n_s.bam,S_20_01250,OQ554052,SAMN36656487,13,M,North_West_Hudson_NWH,NWH,Arviat_McConnell_River,NA,NA,1999,8,11,WHB,no,PAN,0.621172,0.01147,0.022953,0.054562,0.245797,0.044047,636657,643550.3,833486,-0.03629
38.NWH.2005.BELUGA.ADN_20_04738.S_20_01282.dl.n_s.bam,S_20_01282,OQ554062,SAMN36656497,7,F,North_West_Hudson_NWH,NWH,Arviat_Sentry_Island,NA,NA,2005,8,24,WHB,no,PAN,0.602377,0.003789,0.039948,0.097417,0.210726,0.045743,628676,638779.5,827668,-0.05349
48.NWH.1999.BELUGA.ADN_20_04732.S_20_01288.dl.n_s.bam,S_20_01288,OQ554063,SAMN36656498,22,F,North_West_Hudson_NWH,NWH,NA,NA,NA,1999,8,25,WHB,no,PAN,0.593192,0.006369,0.00001,0.117996,0.252353,0.030081,636983,635739.6,823661,0.00662
51.NWH.1999.BELUGA.ADN_20_04730.S_20_01290.dl.n_s.bam,S_20_01290,OQ554064,SAMN36656499,38,F,North_West_Hudson_NWH,NWH,Sannirut,NA,NA,1999,8,19,WHB,no,PAN,0.611037,0.020497,0.031256,0.085422,0.214949,0.03684,632357,624475.6,809293,0.04264
35.NWH.2005.BELUGA.ADN_20_04726.S_20_01294.dl.n_s.bam,S_20_01294,OQ554065,SAMN36656500,17,M,North_West_Hudson_NWH,NWH,Arviat Point,NA,NA,2005,7,13,WHB,no,PAN,0.272943,0.00001,0.477298,0.058699,0.150291,0.040759,576091,636840.1,824987,-0.32288
36.NWH.2005.BELUGA.ADN_20_04724.S_20_01296.dl.n_s.bam,S_20_01296,OQ554066,SAMN36656501,13,M,North_West_Hudson_NWH,NWH,Arviat Point,NA,NA,2005,7,13,WHB,no,PAN,0.499031,0.010763,0.14864,0.066603,0.222139,0.052824,640367,638030.8,826447,0.0124
19.NWH.1999.BELUGA.ADN_20_04722.S_20_01298.dl.n_s.bam,S_20_01298,OQ554067,SAMN36656502,25,F,North_West_Hudson_NWH,NWH,Arviat,NA,NA,1999,8,19,WHB,no,PAN,0.632288,0.008111,0.013223,0.049591,0.265647,0.03114,641413,643607.6,833556,-0.01155
37.NWH.2005.BELUGA.ADN_20_04712.S_20_01308.dl.n_s.bam,S_20_01308,OQ554068,SAMN36656503,33,M,North_West_Hudson_NWH,NWH,Arviat Point,NA,NA,2005,8,NA,WHB,no,PAN,0.624659,0.00312,0.029675,0.041553,0.289333,0.01166,638542,639194.2,828054,-0.00345
34.NWH.1999.BELUGA.ADN_20_04710.S_20_01310.dl.n_s.bam,S_20_01310,OQ554069,SAMN36656504,16,F,North_West_Hudson_NWH,NWH,Arviat_Qiqiqtaarjuk,NA,NA,1999,8,19,WHB,no,PAN,0.655652,0.015037,0.016688,0.046823,0.22014,0.04566,634263,634560.5,822094,-0.00159
54.NWH.1997.BELUGA.ADN_20_05019.S_20_01317.dl.n_s.bam,S_20_01317,OQ554070,SAMN36656505,21,M,North_West_Hudson_NWH,NWH,Wilson_Bay,NA,NA,1997,8,15,WHB,no,PAN,0.598342,0.002049,0.038194,0.066419,0.239453,0.055542,635936,639508.1,828373,-0.01891
53.NWH.1997.BELUGA.ADN_20_04692.S_20_01322.dl.n_s.bam,S_20_01322,OQ554071,SAMN36656506,10,M,North_West_Hudson_NWH,NWH,Whale_Cove,NA,NA,1997,8,9,WHB,no,PAN,0.636131,0.014187,0.01975,0.068225,0.238126,0.023581,636813,636814.2,824864,-0.00001
15.NWH.2014.BELUGA.ADN_20_04776.S_20_01363.dl.n_s.bam,S_20_01363,OQ554083,SAMN36656518,39,F,North_West_Hudson_NWH,NWH,Arviaraajut,NA,NA,2014,7,30,WHB,no,PAN,0.60811,0.031614,0.007848,0.104234,0.21337,0.034824,622179,604951.7,784284,0.09606
30.NWH.2014.BELUGA.ADN_20_04780.S_20_01366.dl.n_s.bam,S_20_01366,OQ554084,SAMN36656519,13,F,North_West_Hudson_NWH,NWH,Arviat_Point,NA,NA,2014,7,28,WHB,no,PAN,0.635042,0.01077,0.02004,0.037077,0.26243,0.034642,636334,637136.7,825348,-0.00427
25.NWH.2008.BELUGA.ADN_20_04772.S_20_01374.dl.n_s.bam,S_20_01374,OQ554085,SAMN36656520,12,M,North_West_Hudson_NWH,NWH,Arviat,NA,NA,2008,8,18,WHB,no,PAN,0.566311,0.00001,0.03255,0.09131,0.258048,0.051772,633204,642672.9,832407,-0.04991
20.NWH.1999.BELUGA.ADN_20_04755.S_20_01375.dl.n_s.bam,S_20_01375,OQ554086,SAMN36656521,18,M,North_West_Hudson_NWH,NWH,Arviat,NA,NA,1999,8,NA,WHB,no,PAN,0.542713,0.015624,0.072735,0.08391,0.249786,0.035231,631408,623138.7,807556,0.04484
49.NWH.2011.BELUGA.ADN_20_04829.S_20_01419.dl.n_s.bam,S_20_01419,OQ554102,SAMN36656537,NA,M,North_West_Hudson_NWH,NWH,NA,NA,NA,2011,8,6,WHB,no,PAN,0.637922,0.017637,0.013354,0.071966,0.257259,0.001861,637894,631488.2,818015,0.03434
28.NWH.2012.BELUGA.ADN_20_04986.S_20_01514.dl.n_s.bam,S_20_01514,OQ554127,SAMN36656561,NA,F,North_West_Hudson_NWH,NWH,Arviat,NA,NA,2012,8,12,WHB,no,PAN,0.593683,0.024025,0.018978,0.075496,0.259688,0.02813,633328,620974.5,804762,0.06722
29.NWH.2012.BELUGA.ADN_20_04988.S_20_01516.dl.n_s.bam,S_20_01516,OQ554128,SAMN36656562,NA,M,North_West_Hudson_NWH,NWH,Arviat,NA,NA,2012,8,27,WHB,no,PAN,0.636263,0.00001,0.031801,0.032474,0.265249,0.034202,635405,638090.6,826433,-0.01426
33.NWH.2010.BELUGA.ADN_20_05933.S_20_01551.dl.n_s.bam,S_20_01551,OQ554133,SAMN36656567,NA,M,North_West_Hudson_NWH,NWH,Arviat_McConnell_River,60.43613,-94.2353,2010,7,28,WHB,no,PAN,0.636117,0.00001,0.021531,0.058523,0.235612,0.048206,635024,639978.1,829123,-0.02619
56.NWH.2011.BELUGA.ADN_20_05929.S_20_01553.dl.n_s.bam,S_20_01553,OQ554134,SAMN36656568,32,M,North_West_Hudson_NWH,NWH,Wolf_Esker_Reef,NA,NA,2011,8,9,WHB,no,PAN,0.522187,0.020433,0.12602,0.051308,0.221501,0.058552,634609,635093.6,822955,-0.00258
50.NWH.2014.BELUGA.ADN_20_05927.S_20_01555.dl.n_s.bam,S_20_01555,OQ554135,SAMN36656569,43,F,North_West_Hudson_NWH,NWH,Point_Amarualik,NA,NA,2014,8,23,WHB,no,PAN,0.657853,0.011335,0.021273,0.079837,0.205672,0.024031,635196,633250.8,820643,0.01038
39.NWH.2009.BELUGA.ADN_20_05923.S_20_01562.dl.n_s.bam,S_20_01562,OQ554137,SAMN36656571,NA,F,North_West_Hudson_NWH,NWH,Arviat_Sentry_Island,NA,NA,2009,8,24,WHB,no,PAN,0.58594,0.021349,0.004623,0.140988,0.219306,0.027795,630108,620998.5,805016,0.0495
55.NWH.2009.BELUGA.ADN_20_05924.S_20_01567.dl.n_s.bam,S_20_01567,OQ554138,SAMN36656572,NA,F,North_West_Hudson_NWH,NWH,Wolf_Esker_Reef,NA,NA,2009,8,25,WHB,no,WHB,0.891906,0.016174,0.00001,0.08278,0.00001,0.00912,632749,626992.6,812556,0.03102
40.NWH.2010.BELUGA.ADN_20_05886.S_20_01590.dl.n_s.bam,S_20_01590,OQ554141,SAMN36656575,NA,M,North_West_Hudson_NWH,NWH,Arviat_Sentry_Island,NA,NA,2010,7,30,WHB,no,PAN,0.517733,0.028364,0.122239,0.056746,0.197748,0.07717,641012,635068.6,822743,0.03167
32.NWH.2009.BELUGA.ADN_20_05871.S_20_01594.dl.n_s.bam,S_20_01594,OQ554142,SAMN36656576,NA,F,North_West_Hudson_NWH,NWH,Arviat_McConnell_River,NA,NA,2009,7,26,WHB,no,PAN,0.49192,0.016866,0.13164,0.081775,0.239814,0.037985,633857,628476.3,814604,0.02891
46.NWH.2015.BELUGA.ADN_20_01172.S_20_03515.dl.n_s.bam,S_20_03515,MW316240    ,SAMN36656879,NA,M,North_West_Hudson_NWH,NWH,Churchill,NA,NA,2015,7,12,WHB,yes,PAN,0.522675,0.025615,0.113272,0.112446,0.208539,0.017453,623394,609974.2,791223,0.07404
47.NWH.2015.BELUGA.ADN_20_01174.S_20_03517.dl.n_s.bam,S_20_03517,MW316242    ,SAMN36656881,NA,F,North_West_Hudson_NWH,NWH,Churchill,NA,NA,2015,8,8,WHB,yes,PAN,0.52299,0.01752,0.135202,0.055342,0.229845,0.039102,635063,631153.5,817803,0.02095
13.REB.1995.BELUGA.ADN_20_05504.S_20_04103.dl.n_s.bam,S_20_04103,OQ554316,SAMN36657014,10,M,North_Hudson_Bay_NHB,NHB,Repulse_Bay,NA,NA,1995,8,16,WHB,no,PAN,0.622393,0.00001,0.016966,0.054659,0.263999,0.041973,635898,641092.5,830515,-0.02742
14.REB.1997.BELUGA.ADN_20_05509.S_20_04108.dl.n_s.bam,S_20_04108,OQ554317,SAMN36657015,16,F,North_Hudson_Bay_NHB,NHB,White_Island,NA,NA,1997,8,23,WHB,no,WHB,0.925667,0.007459,0.00001,0.066844,0.00001,0.00001,633370,629296.9,815518,0.02187
11.REB.2006.BELUGA.ADN_20_05524.S_20_04123.dl.n_s.bam,S_20_04123,OQ554321,SAMN36657019,NA,M,North_Hudson_Bay_NHB,NHB,Repulse_Bay,NA,NA,2006,8,10,WHB,no,PAN,0.533449,0.017226,0.029316,0.116213,0.267508,0.036288,638032,635315,823023,0.01447
5.RES.2003.BELUGA.ADN_20_04662.S_20_01266.dl.n_s.bam,S_20_01266,OQ554057,SAMN36656492,28,M,Resolute_RES,RES,Resolute_Bay,NA,NA,2003,8,1,RES,no,RES,0.00001,0.00001,0.00001,0.00001,0.00001,0.99995,638891,637546.1,825813,0.00714
4.RES.2001.BELUGA.ADN_20_04943.S_20_01428.dl.n_s.bam,S_20_01428,OQ554103,SAMN36656538,40,M,Resolute_RES,RES,Resolute_Bay,NA,NA,2001,8,4,RES,no,RES,0.00001,0.00001,0.00001,0.00001,0.00001,0.99995,629347,619566.6,802856,0.05336
8.RES.2012.BELUGA.ADN_20_04985.S_20_01513.dl.n_s.bam,S_20_01513,OQ554126,SAMN36656560,NA,F,Resolute_RES,RES,Resolute_Bay,NA,NA,2012,8,22,RES,no,RES,0.00001,0.00001,0.00001,0.00001,0.00001,0.99995,630557,607712.2,788416,0.12642
3.RES.2012.BELUGA.ADN_20_05003.S_20_01530.dl.n_s.bam,S_20_01530,OQ554130,SAMN36656564,NA,M,Resolute_RES,RES,NA,NA,NA,2012,8,31,RES,no,RES,0.00001,0.00001,0.00001,0.00001,0.00001,0.99995,623691,652828,845169,-0.15149
2.RES.1996.BELUGA.ADN_20_05520.S_20_04119.dl.n_s.bam,S_20_04119,OQ554319,SAMN36657017,5,M,Resolute_RES,RES,NA,NA,NA,1996,8,4,RES,no,RES,0.00001,0.00001,0.00001,0.00001,0.00001,0.99995,638777,626887.2,812435,0.06408
1.RES.1996.BELUGA.ADN_20_05522.S_20_04121.dl.n_s.bam,S_20_04121,OQ554320,SAMN36657018,7,F,Resolute_RES,RES,NA,NA,NA,1996,8,6,RES,no,RES,0.00001,0.00001,0.00001,0.00001,0.00001,0.99995,623604,604100.3,783331,0.10882
140.SAN.2009.BELUGA.ADN_20_04939.S_20_01441.dl.n_s.bam,S_20_01441,OQ554109,SAMN36656544,33,M,Sanikiluaq_SAN,SAN,Sanikiluaq,NA,NA,2009,7,5,BEL,no,PAN,0.662018,0.01258,0.046019,0.029068,0.215414,0.034902,639116,638974.7,827722,0.00075
130.SAN.1995.BELUGA.ADN_20_04912.S_20_01465.dl.n_s.bam,S_20_01465,OQ554115,SAMN36656550,7,F,Sanikiluaq_SAN,SAN,Sanikiluaq,NA,NA,1995,7,8,BEL,no,PAN,0.651667,0.015858,0.029444,0.057231,0.217356,0.028444,637592,627435.8,813184,0.05468
172.SAN.2018.BELUGA.ADN_20_05389.S_20_03642.dl.n_s.bam,S_20_03642,OQ554242,SAMN36656936,NA,F,Sanikiluaq_SAN,SAN,Sanikiluaq,NA,NA,2018,7,3,BEL,no,PAN,0.666354,0.0241,0.048066,0.056363,0.202867,0.002251,637766,629121.8,815171,0.04646
177.SAN.2020.BELUGA.ADN_20_05103.S_20_03669.dl.n_s.bam,S_20_03669,OQ554247,SAMN36656946,NA,M,Sanikiluaq_SAN,SAN,Sanikiluaq,56.78,-79.81,2020,7,2,BEL,no,LGR,0.00001,0.00001,0.00001,0.00001,0.99995,0.00001,630725,626598,812069,0.02225
180.SAN.2020.BELUGA.ADN_20_05105.S_20_03671.dl.n_s.bam,S_20_03671,OQ554248,SAMN36656947,NA,M,Sanikiluaq_SAN,SAN,Sanikiluaq,56.78,-79.81,2020,7,2,BEL,no,LGR,0.148493,0.011363,0.01559,0.100734,0.664579,0.059242,640220,635239.8,822936,0.02653
109.SAN.1994.BELUGA.ADN_20_06011.S_20_03846.dl.n_s.bam,S_20_03846,OQ554283,SAMN36656981,38,F,Sanikiluaq_SAN,SAN,Coats_Bay,NA,NA,1994,7,1,BEL,no,PAN,0.634137,0.006107,0.041842,0.082982,0.212708,0.022225,636387,636539.1,824748,-0.00081
185.SAN.1994.BELUGA.ADN_20_05255.S_20_03849.dl.n_s.bam,S_20_03849,OQ554284,SAMN36656982,40,F,Sanikiluaq_SAN,SAN,Wiegand_Island,NA,NA,1994,7,1,BEL,no,PAN,0.665033,0.006997,0.042865,0.037586,0.222093,0.025426,634348,633006.5,820316,0.00716
115.SAN.2016.BELUGA.ADN_20_05359.S_20_03957.dl.n_s.bam,S_20_03957,OQ554290,SAMN36656988,20,M,Sanikiluaq_SAN,SAN,King_George,57.1,-78.53333,2016,7,11,BEL,no,LGR,0.00001,0.00001,0.00001,0.00001,0.99995,0.00001,639594,637275.7,825565,0.01231
165.SAN.2016.BELUGA.ADN_20_05430.S_20_04029.dl.n_s.bam,S_20_04029,OQ554303,SAMN36657001,15,M,Sanikiluaq_SAN,SAN,Sanikiluaq,56.558,-79.45475,2016,7,1,BEL,no,PAN,0.632106,0.005389,0.048702,0.026837,0.219609,0.067357,633849,639436.9,828205,-0.0296
175.SAN.2020.BELUGA.ADN_20_05492.S_20_04091.dl.n_s.bam,S_20_04091,OQ554313,SAMN36657011,NA,F,Sanikiluaq_SAN,SAN,Sanikiluaq,55.98817288,-79.25579291,2020,1,21,BEL,no,PAN,0.706274,0.006824,0.033216,0.040912,0.169425,0.04335,626458,626635.2,812536,-0.00095
88.SEH.2003.BELUGA.ADN_20_01042.S_20_00621.dl.n_s.bam,S_20_00621,OQ553962,SAMN36656138,NA,M,South_East_Hudson_SEH,SEH,Little_Whale_River_Qilalugarsiuviup_Kuunga,56,-76.666,2003,7,11,EHB,yes,LGR,0.00001,0.00001,0.00001,0.00001,0.99995,0.00001,639264,619142.7,802285,0.10987
102.SEH.1994.BELUGA.ADN_20_01678.S_20_01765.dl.n_s.bam,S_20_01765,OQ554160,SAMN36656614,27,F,South_East_Hudson_SEH,SEH,Nastapoka_River,56.91,-76.54416667,1994,8,NA,EHB,yes,PAN,0.499124,0.008803,0.065511,0.085452,0.298866,0.042243,638563,643431.3,833345,-0.02563
100.SEH.1994.BELUGA.ADN_20_01677.S_20_01784.dl.n_s.bam,S_20_01784,OQ554167,SAMN36656626,11,M,South_East_Hudson_SEH,SEH,Nastapoka_River,56.91,-76.54416667,1994,8,NA,EHB,yes,PAN,0.528075,0.00001,0.03975,0.106458,0.272549,0.053157,633465,645840.8,836489,-0.06491
101.SEH.1994.BELUGA.ADN_20_02630.S_20_01867.dl.n_s.bam,S_20_01867,OQ554172,SAMN36656640,18,F,South_East_Hudson_SEH,SEH,Nastapoka_River,56.91,-76.54416667,1994,8,16,EHB,no,PAN,0.552542,0.015464,0.016872,0.107362,0.289927,0.017832,636436,628465.2,814500,0.04285
89.SEH.1995.BELUGA.ADN_20_01683.S_20_01889.dl.n_s.bam,S_20_01889,OQ554174,SAMN36656646,7,M,South_East_Hudson_SEH,SEH,NA,NA,NA,1995,8,9,EHB,no,LGR,0.00001,0.00001,0.00001,0.00001,0.99995,0.00001,640185,642025.9,831546,-0.00971
87.SEH.2002.BELUGA.ADN_20_01915.S_20_02175.dl.n_s.bam,S_20_02175,OQ554182,SAMN36656685,NA,M,South_East_Hudson_SEH,SEH,Little_Whale_River_Qilalugarsiuviup_Kuunga,56,-76.666,2002,7,28,EHB,no,LGR,0.00001,0.00001,0.00001,0.00001,0.99995,0.00001,646197,642590.4,832264,0.01901
103.SEH.2000.BELUGA.ADN_20_04477.S_20_02340.dl.n_s.bam,S_20_02340,OQ554186,SAMN36656708,23,NA,South_East_Hudson_SEH,SEH,Nastapoka_River,56.91,-76.54416667,2000,8,5,EHB,no,PAN,0.489257,0.033685,0.042753,0.119881,0.285013,0.029411,638385,633943.4,821077,0.02373
90.SEH.1997.BELUGA.ADN_20_03225.S_20_03105.dl.n_s.bam,S_20_03105,OQ554201,SAMN36656812,29,F,South_East_Hudson_SEH,SEH,NA,NA,NA,1997,7,19,EHB,no,PAN,0.544341,0.013779,0.052375,0.063528,0.279321,0.046657,639681,638363.5,826924,0.00699
98.SEH.2016.BELUGA.ADN_20_02489.S_20_03418.dl.n_s.bam,S_20_03418,OQ554205,SAMN36656842,NA,M,South_East_Hudson_SEH,SEH,NA,NA,NA,2016,8,14,EHB,no,PAN,0.56367,0.020211,0.04491,0.05547,0.286163,0.029576,640338,647096.1,837948,-0.03541
99.SEH.2016.BELUGA.ADN_20_03865.S_20_03419.dl.n_s.bam,S_20_03419,OQ554206,SAMN36656843,NA,M,South_East_Hudson_SEH,SEH,NA,NA,NA,2016,8,14,EHB,yes,PAN,0.603389,0.011039,0.005864,0.102652,0.27188,0.005177,639866,642935.3,832708,-0.01617
94.SEH.2016.BELUGA.ADN_20_01726.S_20_03420.dl.n_s.bam,S_20_03420,OQ554207,SAMN36656844,NA,M,South_East_Hudson_SEH,SEH,NA,NA,NA,2016,7,25,EHB,no,LGR,0.154554,0.026357,0.00001,0.085634,0.720009,0.013437,635365,622172.1,806388,0.07162
95.SEH.2016.BELUGA.ADN_20_02490.S_20_03421.dl.n_s.bam,S_20_03421,OQ554208,SAMN36656845,NA,M,South_East_Hudson_SEH,SEH,NA,NA,NA,2016,7,29,EHB,no,PAN,0.580938,0.019563,0.032408,0.093369,0.258206,0.015516,638287,633815.6,821157,0.02387
97.SEH.2016.BELUGA.ADN_20_02491.S_20_03422.dl.n_s.bam,S_20_03422,OQ554209,SAMN36656846,NA,M,South_East_Hudson_SEH,SEH,NA,NA,NA,2016,7,29,EHB,no,LGR,0.00001,0.00001,0.00001,0.00001,0.99995,0.00001,639421,635008.8,822632,0.02352
96.SEH.2016.BELUGA.ADN_20_03197.S_20_03526.dl.n_s.bam,S_20_03526,OQ554231,SAMN36656887,NA,M,South_East_Hudson_SEH,SEH,NA,NA,NA,2016,8,30,EHB,no,PAN,0.561292,0.015231,0.041011,0.076869,0.272219,0.033377,641912,647036,837855,-0.02685
251.SHS.2019.BELUGA.ADN_20_04589.S_20_01726.dl.n_s.bam,S_20_01726,OQ554149,SAMN36656603,NA,M,South_Hudson_Strait_SHS,SHS,Ivujivik,NA,NA,2019,7,2,SHS,no,LGR,0.00001,0.00001,0.00001,0.00001,0.99995,0.00001,637855,642472.7,832057,-0.02436
279.SHS.2020.BELUGA.ADN_20_04591.S_20_01743.dl.n_s.bam,S_20_01743,OQ554153,SAMN36656607,NA,M,South_Hudson_Strait_SHS,SHS,Quaqtaq,NA,NA,2020,7,1,SHS,no,PAN,0.575445,0.021448,0.028587,0.079549,0.258507,0.036464,633329,628973.2,814963,0.02342
250.SHS.2019.BELUGA.ADN_20_04597.S_20_01750.dl.n_s.bam,S_20_01750,OQ554155,SAMN36656609,NA,F,South_Hudson_Strait_SHS,SHS,Ivujivik,NA,NA,2019,7,6,SHS,no,PAN,0.458744,0.00001,0.023634,0.166423,0.284308,0.066881,632247,640437.3,829556,-0.04331
240.SHS.1999.BELUGA.ADN_20_01892.S_20_01935.dl.n_s.bam,S_20_01935,OQ554175,SAMN36656654,NA,M,South_Hudson_Strait_SHS,SHS,Baie_Kangiararjuk,61.55277778,-71.80555556,1999,7,6,SHS,yes,PAN,0.626128,0.018807,0.002057,0.072485,0.240453,0.04007,634816,624550.3,809552,0.05549
270.SHS.2013.BELUGA.ADN_20_04084.S_20_02016.dl.n_s.bam,S_20_02016,OQ554178,SAMN36656667,22,F,South_Hudson_Strait_SHS,SHS,Pointe_Akulivik,61.777,-72.206,2013,7,1,SHS,no,PAN,0.547979,0.013938,0.024735,0.107364,0.262892,0.043092,635456,635506.7,823462,-0.00027
280.SHS.2000.BELUGA.ADN_20_04465.S_20_02328.dl.n_s.bam,S_20_02328,OQ554184,SAMN36656706,28,M,South_Hudson_Strait_SHS,SHS,Salluit,62.1,-75.514,2000,7,6,SHS,no,PAN,0.483535,0.018472,0.00001,0.158622,0.283971,0.055391,637407,625042.2,810385,0.06671
261.SHS.2000.BELUGA.ADN_20_04466.S_20_02329.dl.n_s.bam,S_20_02329,OQ554185,SAMN36656707,23,M,South_Hudson_Strait_SHS,SHS,NA,NA,NA,2000,7,6,SHS,no,PAN,0.503977,0.003317,0.00492,0.148993,0.287912,0.05088,632441,627732.9,813597,0.02533
241.SHS.2004.BELUGA.ADN_20_04338.S_20_02537.dl.n_s.bam,S_20_02537,OQ554187,SAMN36656732,38,F,South_Hudson_Strait_SHS,SHS,Camp_Imilimmiut,60.817,-69.436,2004,7,7,SHS,yes,PAN,0.543212,0.034575,0.025368,0.1176,0.263188,0.016058,620067,608890.6,789593,0.06185
242.SHS.2004.BELUGA.ADN_20_04340.S_20_02539.dl.n_s.bam,S_20_02539,OQ554188,SAMN36656733,5,F,South_Hudson_Strait_SHS,SHS,Camp_Imilimmiut,60.817,-69.436,2004,7,7,SHS,yes,PAN,0.582541,0.009365,0.00001,0.106915,0.283321,0.017847,615655,599947.2,779066,0.08769
275.SHS.2018.BELUGA.ADN_20_03885.S_20_02925.dl.n_s.bam,S_20_02925,OQ554196,SAMN36656772,NA,F,South_Hudson_Strait_SHS,SHS,Quaqtaq,NA,NA,2018,7,10,SHS,no,PAN,0.609091,0.008773,0.049051,0.058514,0.254447,0.020124,628811,636320,824514,-0.0399
264.SHS.2018.BELUGA.ADN_20_03983.S_20_02927.dl.n_s.bam,S_20_02927,OQ554197,SAMN36656773,NA,F,South_Hudson_Strait_SHS,SHS,Nuvuk,NA,NA,2018,7,8,SHS,no,PAN,0.624516,0.036312,0.022353,0.093693,0.209553,0.013573,584542,568725.9,740025,0.09233
256.SHS.2018.BELUGA.ADN_20_04008.S_20_02952.dl.n_s.bam,S_20_02952,OQ554198,SAMN36656774,NA,M,South_Hudson_Strait_SHS,SHS,Kangiqsujuaq,61.598,-71.96,2018,7,15,SHS,no,PAN,0.63455,0.017653,0.002838,0.060593,0.231418,0.052949,620822,613755.5,796408,0.03869
253.SHS.1995.BELUGA.ADN_20_05083.S_20_03438.dl.n_s.bam,S_20_03438,OQ554210,SAMN36656847,26,F,South_Hudson_Strait_SHS,SHS,Kangiqsujuaq,61.59805,-71.96027,1995,7,12,SHS,no,PAN,0.496942,0.00001,0.031521,0.131815,0.280824,0.058888,633246,640416.8,829603,-0.0379
285.SHS.1995.BELUGA.ADN_20_05084.S_20_03439.dl.n_s.bam,S_20_03439,OQ554211,SAMN36656848,12,F,South_Hudson_Strait_SHS,SHS,Tupirvikallak,61.54555556,-71.71638889,1995,7,5,SHS,no,PAN,0.507228,0.005445,0.016104,0.105885,0.307769,0.057567,634257,631965.5,818858,0.01226
252.SHS.1995.BELUGA.ADN_20_05085.S_20_03440.dl.n_s.bam,S_20_03440,OQ554212,SAMN36656849,17,F,South_Hudson_Strait_SHS,SHS,Kangiqsujuaq,61.59805,-71.96027,1995,7,10,SHS,no,PAN,0.484888,0.010479,0.01748,0.160075,0.274394,0.052683,631871,632833.6,819968,-0.00514
352.SLE.2018.BELUGA.ADN_20_04287.S_20_01777.dl.n_s.bam,S_20_01777,OQ554163,SAMN36656622,36,F,Saint_Laurent_SLE,SLE,Le_Bic,48.396949,-68.677792,2018,7,22,SLE,no,SLE,0.3259,0.587583,0.00001,0.032812,0.046985,0.00671,646156,642939.3,832723,0.01695
351.SLE.2009.BELUGA.ADN_20_04491.S_20_01781.dl.n_s.bam,S_20_01781,OQ554165,SAMN36656624,37,F,Saint_Laurent_SLE,SLE,LAnse_au_Loup,51.5221,-56.8288,2009,7,12,SLE,yes,PAN,0.531078,0.01981,0.025341,0.169657,0.230267,0.023848,636319,639522.2,828381,-0.01696
347.SLE.2017.BELUGA.ADN_20_04284.S_20_01788.dl.n_s.bam,S_20_01788,OQ554169,SAMN36656629,NA,M,Saint_Laurent_SLE,SLE,Grand_Metis,48.655252,-68.072588,2017,8,1,SLE,yes,SLE,0.00001,0.99995,0.00001,0.00001,0.00001,0.00001,662972,640550.3,829622,0.11859
343.SLE.2018.BELUGA.ADN_20_04288.S_20_01797.dl.n_s.bam,S_20_01797,OQ554170,SAMN36656633,45,F,Saint_Laurent_SLE,SLE,Baie_Sainte_Catherine,48.161905,-69.877651,2018,7,29,SLE,yes,SLE,0.00001,0.99995,0.00001,0.00001,0.00001,0.00001,667984,643804.4,833799,0.12726
359.SLE.2010.BELUGA.ADN_20_05810.S_20_03480.dl.n_s.bam,S_20_03480,OQ554220,SAMN36656864,31,F,Saint_Laurent_SLE,SLE,Sainte_Flavie,48.60638889,-68.24111111,2010,8,29,SLE,yes,SLE,0.00001,0.99995,0.00001,0.00001,0.00001,0.00001,646814,608013.3,788344,0.21516
348.SLE.2019.BELUGA.ADN_20_05794.S_20_03540.dl.n_s.bam,S_20_03540,OQ554238,SAMN36656896,22,F,Saint_Laurent_SLE,SLE,Grosse_Roche,48.940756,-67.171455,2019,7,16,SLE,no,SLE,0.200534,0.799426,0.00001,0.00001,0.00001,0.00001,645593,624459.7,809211,0.11439
358.SLE.2019.BELUGA.ADN_20_05813.S_20_03659.dl.n_s.bam,S_20_03659,OQ554245,SAMN36656943,48,F,Saint_Laurent_SLE,SLE,Riviere_du_Loup,47.865,-69.61667,2019,8,1,SLE,no,SLE,0.00001,0.999944,0.00001,0.00001,0.00001,0.000016,661003,625280.9,810251,0.19312
74.SWH.2003.BELUGA.ADN_20_01128.S_20_00770.dl.n_s.bam,S_20_00770,MW316245    ,SAMN36656241,NA,M,South_West_Hudson_SWH,SWH,Nelson_River,57.06494,-92.19655,2003,7,30,WHB,yes,PAN,0.531813,0.01936,0.027735,0.131106,0.254257,0.035729,629173,627227,812953,0.01048
287.UNG.2019.BELUGA.ADN_20_02304.S_20_01178.dl.n_s.bam,S_20_01178,OQ554038,SAMN36656477,28,F,Ungava_UNG,UNG,Leaf_Bay,NA,NA,2019,7,26,UNG,no,PAN,0.568438,0.020086,0.00001,0.097113,0.261705,0.052648,626236,616110.3,798465,0.05553
288.UNG.2019.BELUGA.ADN_20_02305.S_20_01179.dl.n_s.bam,S_20_01179,OQ554039,SAMN36656478,7,M,Ungava_UNG,UNG,Leaf_Bay,NA,NA,2019,8,14,UNG,no,PAN,0.536719,0.015927,0.041308,0.088222,0.269745,0.048078,637259,634142.3,821604,0.01663
286.UNG.2019.BELUGA.ADN_20_02306.S_20_01180.dl.n_s.bam,S_20_01180,OQ554040,SAMN36656479,19,F,Ungava_UNG,UNG,Cap_Qalirusiq,NA,NA,2019,7,26,UNG,no,PAN,0.586543,0.023854,0.00001,0.1223,0.244546,0.022747,635677,625788.6,810917,0.05341
57.JAM.2002.BELUGA.ADN_20_01029.S_20_00807.dl.n_s.bam,S_20_00807,OQ554005,SAMN36656272,NA,F,James_Bay_JAM,JAM,Bear_Island_Baie_James,54.2,-81,2002,9,7,JAM,yes,PAN,0.78718,0.016286,0.007071,0.031858,0.157595,0.00001,626681,619900.6,803742,0.03688
58.JAM.2002.BELUGA.ADN_20_01030.S_20_00808.dl.n_s.bam,S_20_00808,OQ554006,SAMN36656273,NA,F,James_Bay_JAM,JAM,Bear_Island_Baie_James,54.2,-81,2002,9,7,JAM,yes,PAN,0.610336,0.008746,0.017602,0.0724,0.258162,0.032753,637180,642276.3,831942,-0.02687
60.JAM.2002.BELUGA.ADN_20_01031.S_20_00809.dl.n_s.bam,S_20_00809,OQ554007,SAMN36656274,NA,F,James_Bay_JAM,JAM,Bear_Island_Baie_James,54.2,-81,2002,9,7,JAM,yes,PAN,0.765517,0.009769,0.018856,0.04212,0.163282,0.000456,639476,642580.7,832259,-0.01637
59.JAM.2002.BELUGA.ADN_20_01032.S_20_00810.dl.n_s.bam,S_20_00810,OQ554008,SAMN36656275,NA,F,James_Bay_JAM,JAM,Bear_Island_Baie_James,54.2,-81,2002,9,7,JAM,yes,PAN,0.64123,0.013435,0.01812,0.089614,0.220861,0.016741,638418,638984.8,827736,-0.003
220.NEH.2003.BELUGA.ADN_20_01427.S_20_01019.dl.n_s.bam,S_20_01019,OQ554016,SAMN36656395,NA,M,North_East_Hudson_NEH,NEH,Puvirnituq,60.02888889,-77.44305556,2003,9,18,NEH,yes,PAN,0.5403,0.025374,0.018885,0.132088,0.251842,0.031511,611036,592138,768651,0.10706
195.NHB.1996.BELUGA.ADN_20_01523.S_20_00944.dl.n_s.bam,S_20_00944,OQ554013,SAMN36656347,23,M,North_Hudson_Bay_NHB,NHB,Coral_Harbour,64.108744,-83.117867,1996,9,25,WHB,yes,PAN,0.541058,0.048232,0.09797,0.070994,0.215532,0.026215,594476,569317.9,740130,0.14729
196.NHB.1996.BELUGA.ADN_20_01527.S_20_00948.dl.n_s.bam,S_20_00948,OQ554014,SAMN36656349,8,F,North_Hudson_Bay_NHB,NHB,Coral_Harbour,64.108744,-83.117867,1996,9,16,WHB,yes,PAN,0.550232,0.018938,0.110033,0.102787,0.218,0.00001,624484,600538.2,779746,0.13362
225.NHS.1993.BELUGA.ADN_20_04674.S_20_01278.dl.n_s.bam,S_20_01278,OQ554060,SAMN36656495,27,M,North_Hudson_Strait_NHS,NHS,Itivik_Bay,NA,NA,1993,10,13,NHS,no,PAN,0.607107,0.028602,0.001685,0.088742,0.26218,0.011684,638475,631284,817877,0.03854
238.NHS.2002.BELUGA.ADN_20_04793.S_20_01346.dl.n_s.bam,S_20_01346,OQ554078,SAMN36656513,22,F,North_Hudson_Strait_NHS,NHS,NA,NA,NA,2002,10,NA,NHS,no,PAN,0.557777,0.016845,0.016863,0.135168,0.249529,0.023818,639831,637589.3,825828,0.01191
236.NHS.2001.BELUGA.ADN_20_04781.S_20_01350.dl.n_s.bam,S_20_01350,OQ554079,SAMN36656514,23,M,North_Hudson_Strait_NHS,NHS,NA,NA,NA,2001,11,9,NHS,no,PAN,0.574563,0.00001,0.009176,0.122566,0.249492,0.044192,636206,647666.1,838730,-0.05998
237.NHS.2001.BELUGA.ADN_20_04786.S_20_01355.dl.n_s.bam,S_20_01355,OQ554080,SAMN36656515,22,M,North_Hudson_Strait_NHS,NHS,NA,NA,NA,2001,11,8,NHS,no,PAN,0.610032,0.031534,0.006792,0.076538,0.246399,0.028704,629572,610536.7,791363,0.10527
229.NHS.2001.BELUGA.ADN_20_04788.S_20_01357.dl.n_s.bam,S_20_01357,OQ554081,SAMN36656516,30,F,North_Hudson_Strait_NHS,NHS,Kimmirut,NA,NA,2001,11,8,NHS,no,PAN,0.608289,0.005955,0.00001,0.092895,0.258782,0.03407,642568,641144.1,830430,0.00752
224.NHS.1991.BELUGA.ADN_20_04945.S_20_01482.dl.n_s.bam,S_20_01482,OQ554120,SAMN36656554,17,M,North_Hudson_Strait_NHS,NHS,Itivik_Bay,NA,NA,1991,11,2,NHS,no,PAN,0.625572,0.010589,0.00001,0.084515,0.267266,0.012049,635217,638241,826939,-0.01603
227.NHS.1994.BELUGA.ADN_20_04952.S_20_01486.dl.n_s.bam,S_20_01486,OQ554121,SAMN36656555,3,M,North_Hudson_Strait_NHS,NHS,Itivik_Bay,NA,NA,1994,10,27,NHS,no,PAN,0.595402,0.009007,0.00001,0.117393,0.248813,0.029375,624744,616789.1,799839,0.04346
232.NHS.1994.BELUGA.ADN_20_04953.S_20_01487.dl.n_s.bam,S_20_01487,OQ554122,SAMN36656556,3,F,North_Hudson_Strait_NHS,NHS,NA,NA,NA,1994,10,27,NHS,no,PAN,0.617917,0.000135,0.00001,0.1198,0.256594,0.005546,630362,639054.8,827948,-0.04602
226.NHS.1994.BELUGA.ADN_20_04956.S_20_01489.dl.n_s.bam,S_20_01489,OQ554123,SAMN36656557,36,M,North_Hudson_Strait_NHS,NHS,Itivik_Bay,NA,NA,1994,10,27,NHS,no,PAN,0.630104,0.029587,0.00001,0.084401,0.237704,0.018193,633601,623060.6,807424,0.05717
233.NHS.1994.BELUGA.ADN_20_04961.S_20_01494.dl.n_s.bam,S_20_01494,OQ554124,SAMN36656558,36,M,North_Hudson_Strait_NHS,NHS,NA,NA,NA,1994,10,27,NHS,no,PAN,0.572423,0.005245,0.013033,0.093752,0.254371,0.061176,635876,642533.1,832254,-0.03509
228.NHS.1996.BELUGA.ADN_20_04977.S_20_01507.dl.n_s.bam,S_20_01507,OQ554125,SAMN36656559,4,M,North_Hudson_Strait_NHS,NHS,Itivik_Bay,NA,NA,1996,10,NA,NHS,no,PAN,0.649666,0.033649,0.00001,0.106669,0.203628,0.006379,611799,590082.8,765624,0.12371
239.NHS.1996.BELUGA.ADN_20_05981.S_20_03503.dl.n_s.bam,S_20_03503,OQ554223,SAMN36656870,11,M,North_Hudson_Strait_NHS,NHS,Near_Kimmirut_Just_Island,NA,NA,1996,11,23,NHS,no,PAN,0.586351,0.022723,0.020048,0.092551,0.243148,0.035179,631332,624900.4,809982,0.03475
41.NWH.1999.BELUGA.ADN_20_02055.S_20_00830.dl.n_s.bam,S_20_00830,OQ554010,SAMN36656287,29,F,North_West_Hudson_NWH,NWH,Chesterfield_Inlet,NA,NA,1999,9,22,WHB,yes,PAN,0.601993,0.007351,0.016338,0.081238,0.248564,0.044516,634587,637751.4,826166,-0.01679
42.NWH.1999.BELUGA.ADN_20_01304.S_20_01078.dl.n_s.bam,S_20_01078,OQ554025,SAMN36656430,4,F,North_West_Hudson_NWH,NWH,Chesterfield_Inlet_Fish Bay,NA,NA,1999,9,15,WHB,yes,PAN,0.675668,0.021314,0.031541,0.085227,0.185186,0.001063,576102,548486.8,713781,0.16707
43.NWH.1999.BELUGA.ADN_20_01305.S_20_01079.dl.n_s.bam,S_20_01079,OQ554026,SAMN36656431,17,F,North_West_Hudson_NWH,NWH,Chesterfield_Inlet,NA,NA,1999,9,NA,WHB,yes,PAN,0.664037,0.027066,0.03088,0.087828,0.173412,0.016776,614366,587730.1,763651,0.15141
10.REB.1997.BELUGA.ADN_20_05512.S_20_04111.dl.n_s.bam,S_20_04111,OQ554318,SAMN36657016,44,M,North_Hudson_Bay_NHB,NHB,Aivilik,66.5109011,-86.3219611,1997,9,16,WHB,no,PAN,0.633481,0.00287,0.027288,0.072261,0.240366,0.023734,635671,636636.8,824916,-0.00513
12.REB.2015.BELUGA.ADN_20_05531.S_20_04130.dl.n_s.bam,S_20_04130,OQ554323,SAMN36657021,12,NA,North_Hudson_Bay_NHB,NHB,Naujaat,66.51714,-86.24081,2015,9,28,WHB,no,PAN,0.615145,0.023749,0.041679,0.076724,0.169087,0.073618,617005,603682.2,782027,0.0747
6.RES.2007.BELUGA.ADN_20_05496.S_20_04095.dl.n_s.bam,S_20_04095,OQ554314,SAMN36657012,12,M,Resolute_RES,RES,Resolute_Bay,NA,NA,2007,9,7,RES,no,RES,0.00001,0.00001,0.00001,0.00001,0.00001,0.99995,638404,633652.1,821096,0.02535
7.RES.2007.BELUGA.ADN_20_05497.S_20_04096.dl.n_s.bam,S_20_04096,OQ554315,SAMN36657013,44,M,Resolute_RES,RES,Resolute_Bay,NA,NA,2007,9,1,RES,no,RES,0.00001,0.00001,0.00001,0.00001,0.00001,0.99995,637706,641081.2,830477,-0.01782
9.RES.2008.BELUGA.ADN_20_05525.S_20_04124.dl.n_s.bam,S_20_04124,OQ554322,SAMN36657020,40,F,Resolute_RES,RES,South_Camp_Beach,NA,NA,2008,9,23,RES,no,RES,0.00001,0.00001,0.00001,0.00001,0.00001,0.99995,635184,632307.3,819280,0.01539
131.SAN.1996.BELUGA.ADN_20_05224.S_20_03555.dl.n_s.bam,S_20_03555,OQ554241,SAMN36656898,41,M,Sanikiluaq_SAN,SAN,Sanikiluaq,NA,NA,1996,9,25,BEL,no,PAN,0.550893,0.016699,0.009821,0.089964,0.294026,0.038596,638165,634622.9,822269,0.01888
118.SAN.2010.BELUGA.ADN_20_05165.S_20_03731.dl.n_s.bam,S_20_03731,OQ554259,SAMN36656958,NA,M,Sanikiluaq_SAN,SAN,Renouf_island,56.34,-79.09,2010,10,12,BEL,no,PAN,0.603939,0.018548,0.065389,0.036247,0.213383,0.062495,635777,636398.7,824545,-0.0033
132.SAN.1996.BELUGA.ADN_20_05994.S_20_03795.dl.n_s.bam,S_20_03795,OQ554274,SAMN36656973,27,M,Sanikiluaq_SAN,SAN,Sanikiluaq,NA,NA,1996,9,16,BEL,no,LGR,0.00001,0.00001,0.00001,0.00001,0.99995,0.00001,638073,638071.8,826593,0.00001
188.SAN.2017.BELUGA.ADN_20_05449.S_20_04048.dl.n_s.bam,S_20_04048,OQ554307,SAMN36657005,63,M,Sanikiluaq_SAN,SAN,Wiegand_Island,56.64667,-79.23889,2017,10,11,BEL,no,PAN,0.643164,0.006295,0.038211,0.082745,0.186608,0.042977,637503,642691.4,832444,-0.02734
123.SAN.2019.BELUGA.ADN_20_05464.S_20_04063.dl.n_s.bam,S_20_04063,OQ554309,SAMN36657007,NA,M,Sanikiluaq_SAN,SAN,Renouf_island,56.6,-79.15,2019,10,29,BEL,no,PAN,0.62968,0.00001,0.079357,0.017023,0.220371,0.053559,619691,642287.3,831882,-0.11918
83.SEH.2020.BELUGA.ADN_20_04608.S_20_01151.dl.n_s.bam,S_20_01151,OQ554029,SAMN36656468,NA,F,South_East_Hudson_SEH,SEH,Kuujjuarapik,NA,NA,2020,10,3,EHB,no,JAM-BEL,0.00001,0.00001,0.99995,0.00001,0.00001,0.00001,642893,637866.5,826182,0.02669
80.SEH.2019.BELUGA.ADN_20_04598.S_20_01152.dl.n_s.bam,S_20_01152,OQ554030,SAMN36656469,NA,NA,South_East_Hudson_SEH,SEH,Kuujjuarapik,NA,NA,2019,9,25,EHB,no,PAN,0.522323,0.013501,0.043518,0.103556,0.289045,0.028058,638023,647435.9,838359,-0.0493
82.SEH.2020.BELUGA.ADN_20_04577.S_20_01174.dl.n_s.bam,S_20_01174,OQ554036,SAMN36656475,NA,F,South_East_Hudson_SEH,SEH,Kuujjuarapik,NA,NA,2020,10,3,EHB,no,PAN,0.654306,0.009226,0.053612,0.020118,0.219273,0.043465,636610,636402.7,824248,0.0011
79.SEH.2019.BELUGA.ADN_20_04594.S_20_01175.dl.n_s.bam,S_20_01175,OQ554037,SAMN36656476,NA,F,South_East_Hudson_SEH,SEH,Kuujjuarapik,NA,NA,2019,10,12,EHB,no,JAM-BEL,0.00001,0.00001,0.99995,0.00001,0.00001,0.00001,643222,645847.9,836348,-0.01378
78.SEH.2019.BELUGA.ADN_20_04583.S_20_01727.dl.n_s.bam,S_20_01727,OQ554150,SAMN36656604,NA,M,South_East_Hudson_SEH,SEH,Kuujjuarapik,NA,NA,2019,9,25,EHB,no,PAN,0.34547,0.00001,0.317399,0.094686,0.197102,0.045333,581137,644032.7,834063,-0.33098
86.SEH.2020.BELUGA.ADN_20_04592.S_20_01734.dl.n_s.bam,S_20_01734,OQ554151,SAMN36656605,NA,F,South_East_Hudson_SEH,SEH,Kuujjuarapik,NA,NA,2020,10,4,EHB,no,WHB,0.99091,0.00905,0.00001,0.00001,0.00001,0.00001,631683,640926.3,830039,-0.04888
81.SEH.2019.BELUGA.ADN_20_04582.S_20_01736.dl.n_s.bam,S_20_01736,OQ554152,SAMN36656606,NA,F,South_East_Hudson_SEH,SEH,Kuujjuarapik,NA,NA,2019,10,12,EHB,no,JAM-BEL,0.00001,0.00001,0.99995,0.00001,0.00001,0.00001,633610,648872.1,840167,-0.07978
84.SEH.2020.BELUGA.ADN_20_04578.S_20_01744.dl.n_s.bam,S_20_01744,OQ554154,SAMN36656608,NA,F,South_East_Hudson_SEH,SEH,Kuujjuarapik,NA,NA,2020,10,3,EHB,no,PAN,0.596691,0.008193,0.063468,0.057473,0.240408,0.033767,633545,644234.6,834321,-0.05624
85.SEH.2020.BELUGA.ADN_20_03840.S_20_02890.dl.n_s.bam,S_20_02890,OQ554195,SAMN36656765,NA,M,South_East_Hudson_SEH,SEH,Kuujjuarapik,NA,NA,2020,10,3,EHB,no,JAM-BEL,0.00001,0.00001,0.988244,0.00001,0.011715,0.000012,639506,648495.5,839743,-0.047
257.SHS.2019.BELUGA.ADN_20_04609.S_20_01160.dl.n_s.bam,S_20_01160,OQ554032,SAMN36656471,NA,M,South_Hudson_Strait_SHS,SHS,Kangiqsujuaq,NA,NA,2019,11,6,SHS,no,PAN,0.534705,0.00001,0.01574,0.10946,0.263885,0.0762,633961,642962.1,832840,-0.0474
258.SHS.2019.BELUGA.ADN_20_04558.S_20_01162.dl.n_s.bam,S_20_01162,OQ554033,SAMN36656472,NA,M,South_Hudson_Strait_SHS,SHS,Kangiqsujuaq,NA,NA,2019,11,4,SHS,no,PAN,0.449948,0.003401,0.216187,0.084803,0.201965,0.043696,632877,637392.2,825631,-0.02399
259.SHS.2019.BELUGA.ADN_20_04604.S_20_01165.dl.n_s.bam,S_20_01165,OQ554034,SAMN36656473,NA,M,South_Hudson_Strait_SHS,SHS,Kangiqsujuaq,NA,NA,2019,11,6,SHS,no,PAN,0.519814,0.017061,0.024898,0.114449,0.275102,0.048675,636359,639934.2,828963,-0.01891
278.SHS.2020.BELUGA.ADN_20_04603.S_20_01169.dl.n_s.bam,S_20_01169,OQ554035,SAMN36656474,NA,F,South_Hudson_Strait_SHS,SHS,Quaqtaq,NA,NA,2020,11,9,SHS,no,PAN,0.519084,0.005714,0.031652,0.112766,0.263099,0.067685,636928,643792.6,833812,-0.03613
277.SHS.2020.BELUGA.ADN_20_04585.S_20_01754.dl.n_s.bam,S_20_01754,OQ554156,SAMN36656610,NA,M,South_Hudson_Strait_SHS,SHS,Quaqtaq,NA,NA,2020,11,9,SHS,no,LGR,0.00001,0.00001,0.00001,0.00001,0.99995,0.00001,637055,643546.9,833484,-0.03418
260.SHS.1994.BELUGA.ADN_20_02823.S_20_01883.dl.n_s.bam,S_20_01883,OQ554173,SAMN36656645,29,M,South_Hudson_Strait_SHS,SHS,Kangirsuapik,61.867,-72.183,1994,10,17,SHS,yes,PAN,0.557508,0.004806,0.003707,0.108599,0.25062,0.07476,638895,644398.6,834645,-0.02893
247.SHS.2013.BELUGA.ADN_20_04095.S_20_02022.dl.n_s.bam,S_20_02022,OQ554179,SAMN36656668,23,F,South_Hudson_Strait_SHS,SHS,Ivujivik,62.417,-77.911,2013,10,20,SHS,no,LGR,0.00001,0.00001,0.00001,0.00001,0.99995,0.00001,633108,626510.5,812048,0.03556
244.SHS.2013.BELUGA.ADN_20_04097.S_20_02024.dl.n_s.bam,S_20_02024,OQ554180,SAMN36656669,NA,M,South_Hudson_Strait_SHS,SHS,Fairway_Island,62.433,-78.032,2013,10,25,SHS,no,PAN,0.629551,0.029715,0.05356,0.069047,0.218116,0.00001,629817,610931.1,791993,0.10431
271.SHS.2002.BELUGA.ADN_20_04117.S_20_02138.dl.n_s.bam,S_20_02138,OQ554181,SAMN36656682,NA,M,South_Hudson_Strait_SHS,SHS,Quaqtaq,61.0463,-69.6339,2002,11,3,SHS,no,PAN,0.549297,0.006876,0.015007,0.125779,0.265099,0.037942,634035,632436.3,819462,0.00855
249.SHS.2018.BELUGA.ADN_20_05060.S_20_03385.dl.n_s.bam,S_20_03385,OQ554203,SAMN36656840,NA,M,South_Hudson_Strait_SHS,SHS,Ivujivik,NA,NA,2018,11,1,SHS,no,PAN,0.544985,0.022237,0.00001,0.134421,0.277253,0.021094,625454,611165.9,792590,0.07876
248.SHS.2018.BELUGA.ADN_20_05071.S_20_03396.dl.n_s.bam,S_20_03396,OQ554204,SAMN36656841,NA,F,South_Hudson_Strait_SHS,SHS,Ivujivik,NA,NA,2018,11,1,SHS,no,PAN,0.629062,0.015863,0.026179,0.078719,0.224424,0.025753,613489,602780.2,782295,0.05965
274.SHS.2017.BELUGA.ADN_20_04518.S_20_03551.dl.n_s.bam,S_20_03551,OQ554240,SAMN36656897,NA,M,South_Hudson_Strait_SHS,SHS,Quaqtaq,NA,NA,2017,11,22,SHS,no,PAN,0.597049,0.005948,0.013257,0.083217,0.264093,0.036437,635657,639749.6,828738,-0.02166
364.SLE.2017.BELUGA.ADN_20_04281.S_20_01766.dl.n_s.bam,S_20_01766,OQ554161,SAMN36656615,45,F,Saint_Laurent_SLE,SLE,Saint_Ulric,48.858613,-67.531705,2017,10,23,SLE,yes,SLE,0.00001,0.999948,0.00001,0.000012,0.00001,0.00001,662844,640066,829035,0.12054
363.SLE.2009.BELUGA.ADN_20_04495.S_20_01779.dl.n_s.bam,S_20_01779,OQ554164,SAMN36656623,40,F,Saint_Laurent_SLE,SLE,Saint_Ulric,48.788,-67.702,2009,10,24,SLE,no,SLE,0.00001,0.999947,0.00001,0.000013,0.00001,0.00001,668887,640061.7,829092,0.15249
354.SLE.2019.BELUGA.ADN_20_05814.S_20_03531.dl.n_s.bam,S_20_03531,OQ554232,SAMN36656890,30,NA,Saint_Laurent_SLE,SLE,Matane,48.87732,-67.41554,2019,10,17,SLE,no,SLE,0.00001,0.999948,0.00001,0.000012,0.00001,0.00001,662687,629153.6,815347,0.1801
345.SLE.2019.BELUGA.ADN_20_05796.S_20_03532.dl.n_s.bam,S_20_03532,OQ554233,SAMN36656891,28,F,Saint_Laurent_SLE,SLE,Cacouna,47.9133,-69.5073,2019,11,9,SLE,no,SLE,0.00001,0.999948,0.00001,0.000012,0.00001,0.00001,663867,639111.7,827847,0.13116
353.SLE.2009.BELUGA.ADN_20_04293.S_20_03664.dl.n_s.bam,S_20_03664,OQ554246,SAMN36656944,0,M,Saint_Laurent_SLE,SLE,Matane,48.818,-67.6044,2009,9,3,SLE,yes,SLE,0.00001,0.99995,0.00001,0.00001,0.00001,0.00001,664963,640056.9,829070,0.13177
139.SAN.2005.BELUGA.ADN_20_05348.S_20_00715.dl.n_s.bam,S_20_00715,OQ553984,SAMN36656199,NA,M,Sanikiluaq_SAN,SAN,Sanikiluaq,56.10311,-79.33353,2005,5,19,BEL,no,JAM-BEL,0.114928,0.026023,0.773648,0.036757,0.022121,0.026522,613653,596477.1,774056,0.09672
138.SAN.2005.BELUGA.ADN_20_01105.S_20_00719.dl.n_s.bam,S_20_00719,OQ553985,SAMN36656202,NA,F,Sanikiluaq_SAN,SAN,Sanikiluaq,56.10311,-79.33353,2005,5,19,BEL,yes,JAM-BEL,0.136415,0.013563,0.724603,0.030691,0.052577,0.042152,633845,626344.3,811416,0.04053
112.SAN.2011.BELUGA.ADN_20_04864.S_20_01410.dl.n_s.bam,S_20_01410,OQ554097,SAMN36656532,NA,M,Sanikiluaq_SAN,SAN,Flaherty_Island,56.1354,-79.30304,2011,12,29,BEL,no,JAM-BEL,0.100473,0.009852,0.760208,0.053265,0.020262,0.05594,632442,615715.2,797684,0.09192
110.SAN.2013.BELUGA.ADN_20_04890.S_20_01472.dl.n_s.bam,S_20_01472,OQ554117,SAMN36656551,NA,M,Sanikiluaq_SAN,SAN,Coats_Bay,56.23333,-79.5,2013,2,15,BEL,no,JAM-BEL,0.00001,0.00001,0.99995,0.00001,0.00001,0.00001,641297,630272,816558,0.05918
111.SAN.2013.BELUGA.ADN_20_04893.S_20_01475.dl.n_s.bam,S_20_01475,OQ554118,SAMN36656552,NA,M,Sanikiluaq_SAN,SAN,Coats_Bay,56.23333,-79.5,2013,2,15,BEL,no,JAM-BEL,0.122921,0.002611,0.758396,0.015514,0.043933,0.056625,641164,641889.8,831332,-0.00383
141.SAN.2021.BELUGA.ADN_20_05902.S_20_01574.dl.n_s.bam,S_20_01574,OQ554139,SAMN36656573,NA,F,Sanikiluaq_SAN,SAN,Sanikiluaq,NA,NA,2021,NA,NA,BEL,no,PAN,0.520679,0.016074,0.00622,0.134915,0.275656,0.046456,632813,626975.7,812703,0.03143
184.SAN.2021.BELUGA.ADN_20_05033.S_20_01612.dl.n_s.bam,S_20_01612,OQ554144,SAMN36656578,NA,F,Sanikiluaq_SAN,SAN,Sanikiluaq,55.98817288,-79.25579291,2021,NA,NA,BEL,no,PAN,0.611159,0.00001,0.075938,0.040287,0.204982,0.067623,635449,640215.6,829225,-0.02522
159.SAN.2011.BELUGA.ADN_20_05988.S_20_03736.dl.n_s.bam,S_20_03736,OQ554260,SAMN36656959,NA,F,Sanikiluaq_SAN,SAN,Sanikiluaq_Belcher Islands,NA,NA,2011,NA,NA,BEL,no,PAN,0.649616,0.01609,0.040909,0.038851,0.223875,0.030659,627062,627740.8,813823,-0.00365
164.SAN.2013.BELUGA.ADN_20_05177.S_20_03746.dl.n_s.bam,S_20_03746,OQ554263,SAMN36656962,NA,M,Sanikiluaq_SAN,SAN,Coats_Bay,NA,NA,2013,2,15,BEL,no,JAM-BEL,0.07232,0.01009,0.835742,0.023676,0.016827,0.041345,642566,632159.4,818976,0.0557
162.SAN.2013.BELUGA.ADN_20_05181.S_20_03750.dl.n_s.bam,S_20_03750,OQ554264,SAMN36656963,30,M,Sanikiluaq_SAN,SAN,Coats_Bay,NA,NA,2013,2,15,BEL,no,JAM-BEL,0.100776,0.004742,0.769551,0.008625,0.063336,0.05297,641550,636706.3,824708,0.02576
161.SAN.2013.BELUGA.ADN_20_05353.S_20_03951.dl.n_s.bam,S_20_03951,OQ554288,SAMN36656986,NA,M,Sanikiluaq_SAN,SAN,Sanikiluaq,NA,NA,2013,NA,NA,BEL,no,JAM-BEL,0.125818,0.026505,0.76568,0.011402,0.053288,0.017307,623179,608051.6,788498,0.08383
163.SAN.2013.BELUGA.ADN_20_05354.S_20_03952.dl.n_s.bam,S_20_03952,OQ554289,SAMN36656987,NA,M,Sanikiluaq_SAN,SAN,Sanikiluaq,NA,NA,2013,NA,NA,BEL,no,JAM-BEL,0.071703,0.00001,0.80191,0.00001,0.065077,0.06129,634962,652152.2,844321,-0.08945
314.CBS.2005.BELUGA.ADN_20_00969.S_20_00782.dl.n_s.bam,S_20_00782,OQ553999,SAMN36656251,NA,M,Cumberland_Sound_CBS,CSB,Pangnirtung,66.1466,-65.7012,2005,NA,NA,CBS,yes,PAN,0.510814,0.030253,0.008132,0.135774,0.254316,0.060712,629885,618259.5,801300,0.06351
45.NWH.2002.BELUGA.ADN_20_01059.S_20_00811.dl.n_s.bam,S_20_00811,OQ554009,SAMN36656276,NA,F,North_West_Hudson_NWH,NWH,Churchill,NA,NA,2002,NA,NA,WHB,yes,PAN,0.485631,0.019993,0.135704,0.11191,0.232281,0.014482,633485,630786,817290,0.01447
147.SAN.2004.BELUGA.ADN_20_00990.S_20_00742.dl.n_s.bam,S_20_00742,OQ553989,SAMN36656220,27,F,Sanikiluaq_SAN,SAN,Sanikiluaq,NA,NA,2004,NA,NA,BEL,yes,PAN,0.659649,0.023007,0.033252,0.044942,0.194677,0.044473,619668,608515.8,789076,0.06176
117.SAN.2002.BELUGA.ADN_20_02288.S_20_00743.dl.n_s.bam,S_20_00743,OQ553990,SAMN36656221,27,M,Sanikiluaq_SAN,SAN,NA,NA,NA,2002,NA,NA,BEL,no,WHB,0.99995,0.00001,0.00001,0.00001,0.00001,0.00001,630549,635893.8,823744,-0.02845
75.SEH.1990.BELUGA.ADN_20_01754.S_20_01865.dl.n_s.bam,S_20_01865,OQ554171,SAMN36656638,NA,M,South_East_Hudson_SEH,SEH,Kuujjuarapik,NA,NA,1990,NA,NA,EHB,yes,LGR,0.00001,0.00001,0.00001,0.00001,0.99995,0.00001,639115,644575.7,834866,-0.0287
93.SEH.2015.BELUGA.ADN_20_03812.S_20_02863.dl.n_s.bam,S_20_02863,OQ554192,SAMN36656761,NA,F,South_East_Hudson_SEH,SEH,Kuujjuarapik,55.267901,-77.795199,2015,NA,NA,EHB,no,LGR,0.00001,0.00001,0.00001,0.00001,0.99995,0.00001,636298,632767.9,820136,0.01884
77.SEH.2015.BELUGA.ADN_20_03814.S_20_02865.dl.n_s.bam,S_20_02865,OQ554193,SAMN36656762,NA,F,South_East_Hudson_SEH,SEH,Kuujjuarapik,55.267901,-77.795199,2015,NA,NA,EHB,no,LGR,0.00001,0.00001,0.00001,0.00001,0.99995,0.00001,640135,640988.2,830296,-0.00451
76.SEH.2015.BELUGA.ADN_20_03815.S_20_02866.dl.n_s.bam,S_20_02866,OQ554194,SAMN36656763,NA,F,South_East_Hudson_SEH,SEH,Kuujjuarapik,55.267901,-77.795199,2015,NA,NA,EHB,no,LGR,0.00001,0.00001,0.00001,0.00001,0.99995,0.00001,640950,642917.2,832749,-0.01036
91.SEH.1997.BELUGA.ADN_20_03223.S_20_03103.dl.n_s.bam,S_20_03103,OQ554199,SAMN36656810,5,M,South_East_Hudson_SEH,SEH,NA,NA,NA,1997,NA,NA,EHB,no,PAN,0.516296,0.003597,0.039848,0.109709,0.302315,0.028234,638952,644612.4,834845,-0.02975
92.SEH.1997.BELUGA.ADN_20_03224.S_20_03104.dl.n_s.bam,S_20_03104,OQ554200,SAMN36656811,6,M,South_East_Hudson_SEH,SEH,NA,NA,NA,1997,NA,NA,EHB,no,PAN,0.525743,0.015846,0.034526,0.112588,0.275733,0.035563,635348,628595,814671,0.03629
262.SHS.2010.BELUGA.ADN_20_04035.S_20_01968.dl.n_s.bam,S_20_01968,OQ554176,SAMN36656662,NA,M,South_Hudson_Strait_SHS,SHS,NA,NA,NA,2010,NA,NA,SHS,no,PAN,0.541935,0.025954,0.011768,0.114153,0.266573,0.039618,634936,631058.8,817956,0.02075
