Sample_ID,ID_GQ,Q1,Q2,Q3,K
S_20_01337,222.NHS.2009.BELUGA.ADN_20_04798.S_20_01337.dl.n_s.bam,1.00E-05,0.99998,1.00E-05,3
S_20_01339,221.NHS.2009.BELUGA.ADN_20_04800.S_20_01339.dl.n_s.bam,1.00E-05,0.99998,1.00E-05,3
S_20_01386,230.NHS.2008.BELUGA.ADN_20_05016.S_20_01386.dl.n_s.bam,0.587074,0.412886,4.00E-05,3
S_20_01463,234.NHS.1996.BELUGA.ADN_20_04910.S_20_01463.dl.n_s.bam,0.426779,0.49889,0.074331,3
S_20_00739,142.SAN.2002.BELUGA.ADN_20_02291.S_20_00739.dl.n_s.bam,0.360972,0.084966,0.554062,3
S_20_00744,144.SAN.2002.BELUGA.ADN_20_02287.S_20_00744.dl.n_s.bam,0.352218,1.00E-05,0.647772,3
S_20_00751,136.SAN.2003.BELUGA.ADN_20_01088.S_20_00751.dl.n_s.bam,0.275864,1.00E-05,0.724126,3
S_20_00756,137.SAN.2004.BELUGA.ADN_20_05321.S_20_00756.dl.n_s.bam,0.284839,0.041091,0.67407,3
S_20_00767,146.SAN.2004.BELUGA.ADN_20_01094.S_20_00767.dl.n_s.bam,0.323315,0.065136,0.61155,3
S_20_03466,186.SAN.2009.BELUGA.ADN_20_05143.S_20_03466.dl.n_s.bam,0.335386,0.078535,0.586079,3
S_20_03644,193.SAN.2018.BELUGA.ADN_20_05381.S_20_03644.dl.n_s.bam,0.269783,1.00E-05,0.730207,3
S_20_03678,113.SAN.2007.BELUGA.ADN_20_05112.S_20_03678.dl.n_s.bam,1.00E-05,1.00E-05,0.99998,3
S_20_03681,154.SAN.2007.BELUGA.ADN_20_05115.S_20_03681.dl.n_s.bam,0.334575,0.007935,0.65749,3
S_20_03707,106.SAN.2009.BELUGA.ADN_20_05141.S_20_03707.dl.n_s.bam,0.331798,0.221616,0.446585,3
S_20_03742,120.SAN.2011.BELUGA.ADN_20_05173.S_20_03742.dl.n_s.bam,1.00E-05,1.00E-05,0.99998,3
S_20_03743,160.SAN.2011.BELUGA.ADN_20_05174.S_20_03743.dl.n_s.bam,0.350516,0.119374,0.53011,3
S_20_03752,179.SAN.2020.BELUGA.ADN_20_05183.S_20_03752.dl.n_s.bam,0.341043,0.071851,0.587107,3
S_20_03753,183.SAN.2020.BELUGA.ADN_20_05184.S_20_03753.dl.n_s.bam,0.324951,0.130992,0.544057,3
S_20_03754,182.SAN.2020.BELUGA.ADN_20_05185.S_20_03754.dl.n_s.bam,0.424194,0.044589,0.531217,3
S_20_03764,155.SAN.2007.BELUGA.ADN_20_05195.S_20_03764.dl.n_s.bam,0.315261,0.090962,0.593778,3
S_20_03785,129.SAN.1995.BELUGA.ADN_20_05214.S_20_03785.dl.n_s.bam,1.00E-05,1.00E-05,0.99998,3
S_20_03803,133.SAN.1997.BELUGA.ADN_20_05227.S_20_03803.dl.n_s.bam,0.280124,0.22063,0.499246,3
S_20_03816,134.SAN.1997.BELUGA.ADN_20_05233.S_20_03816.dl.n_s.bam,0.39173,0.060613,0.547657,3
S_20_03822,125.SAN.1993.BELUGA.ADN_20_06003.S_20_03822.dl.n_s.bam,0.438912,0.071134,0.489954,3
S_20_03830,128.SAN.1994.BELUGA.ADN_20_05243.S_20_03830.dl.n_s.bam,0.396116,0.122914,0.48097,3
S_20_03832,114.SAN.1994.BELUGA.ADN_20_05245.S_20_03832.dl.n_s.bam,0.303712,0.08833,0.607958,3
S_20_03836,127.SAN.1994.BELUGA.ADN_20_05248.S_20_03836.dl.n_s.bam,0.367063,0.074173,0.558764,3
S_20_03965,192.SAN.2018.BELUGA.ADN_20_05367.S_20_03965.dl.n_s.bam,0.497234,0.047416,0.45535,3
S_20_03968,190.SAN.2018.BELUGA.ADN_20_05370.S_20_03968.dl.n_s.bam,0.41369,0.062999,0.523311,3
S_20_03969,191.SAN.2018.BELUGA.ADN_20_05371.S_20_03969.dl.n_s.bam,0.393327,0.062646,0.544027,3
S_20_03971,189.SAN.2018.BELUGA.ADN_20_05373.S_20_03971.dl.n_s.bam,0.317486,0.039112,0.643402,3
S_20_03977,107.SAN.2018.BELUGA.ADN_20_05379.S_20_03977.dl.n_s.bam,0.99998,1.00E-05,1.00E-05,3
S_20_03992,173.SAN.2019.BELUGA.ADN_20_05394.S_20_03992.dl.n_s.bam,0.46543,0.075589,0.458981,3
S_20_03996,174.SAN.2019.BELUGA.ADN_20_05398.S_20_03996.dl.n_s.bam,0.384139,1.00E-05,0.615851,3
S_20_04031,122.SAN.2017.BELUGA.ADN_20_05432.S_20_04031.dl.n_s.bam,1.00E-05,1.00E-05,0.99998,3
S_20_04056,108.SAN.2019.BELUGA.ADN_20_05457.S_20_04056.dl.n_s.bam,0.340288,0.041945,0.617767,3
S_20_04076,178.SAN.2020.BELUGA.ADN_20_05477.S_20_04076.dl.n_s.bam,0.28544,0.106787,0.607774,3
S_20_04087,176.SAN.2020.BELUGA.ADN_20_05488.S_20_04087.dl.n_s.bam,1.00E-05,1.00E-05,0.99998,3
S_20_04088,181.SAN.2020.BELUGA.ADN_20_05489.S_20_04088.dl.n_s.bam,0.326826,0.068058,0.605117,3
S_20_00905,245.SHS.2003.BELUGA.ADN_20_02725.S_20_00905.dl.n_s.bam,0.59586,0.40413,1.00E-05,3
S_20_01140,281.SHS.2019.BELUGA.ADN_20_02324.S_20_01140.dl.n_s.bam,0.491621,0.176556,0.331824,3
S_20_01149,276.SHS.2019.BELUGA.ADN_20_04606.S_20_01149.dl.n_s.bam,0.500046,0.415737,0.084217,3
S_20_01181,266.SHS.2019.BELUGA.ADN_20_02312.S_20_01181.dl.n_s.bam,0.257,0.367578,0.375423,3
S_20_01182,265.SHS.2019.BELUGA.ADN_20_02318.S_20_01182.dl.n_s.bam,0.531248,0.384423,0.084329,3
S_20_01644,269.SHS.2019.BELUGA.ADN_20_02315.S_20_01644.dl.n_s.bam,0.38084,0.353511,0.265648,3
S_20_01680,267.SHS.2019.BELUGA.ADN_20_02310.S_20_01680.dl.n_s.bam,0.444089,0.406721,0.14919,3
S_20_01699,268.SHS.2019.BELUGA.ADN_20_02311.S_20_01699.dl.n_s.bam,0.445396,0.342662,0.211942,3
S_20_01705,283.SHS.2019.BELUGA.ADN_20_02344.S_20_01705.dl.n_s.bam,0.405895,0.175991,0.418113,3
S_20_01998,273.SHS.2013.BELUGA.ADN_20_04066.S_20_01998.dl.n_s.bam,0.448461,0.399806,0.151733,3
S_20_02317,254.SHS.2000.BELUGA.ADN_20_04454.S_20_02317.dl.n_s.bam,0.574202,0.310163,0.115635,3
S_20_02719,263.SHS.2007.BELUGA.ADN_20_02564.S_20_02719.dl.n_s.bam,0.520954,0.36509,0.113956,3
S_20_02755,255.SHS.2007.BELUGA.ADN_20_02545.S_20_02755.dl.n_s.bam,0.540654,0.412687,0.046659,3
S_20_02799,243.SHS.2009.BELUGA.ADN_20_05055.S_20_02799.dl.n_s.bam,0.518528,0.328637,0.152835,3
S_20_03257,282.SHS.2005.BELUGA.ADN_20_04236.S_20_03257.dl.n_s.bam,0.99998,1.00E-05,1.00E-05,3
S_20_00664,328.CBS.2005.BELUGA.ADN_20_02296.S_20_00664.dl.n_s.bam,0.616678,0.383312,1.00E-05,3
S_20_00693,316.CBS.2005.BELUGA.ADN_20_02375.S_20_00693.dl.n_s.bam,0.42063,0.426985,0.152384,3
S_20_01255,340.CBS.2009.BELUGA.ADN_20_04646.S_20_01255.dl.n_s.bam,0.441522,0.380987,0.177491,3
S_20_01580,302.CBS.2016.BELUGA.ADN_20_05906.S_20_01580.dl.n_s.bam,0.431427,0.42203,0.146543,3
S_20_01597,299.CBS.1984.BELUGA.ADN_20_05878.S_20_01597.dl.n_s.bam,0.414486,0.346707,0.238807,3
S_20_01331,296.FRB.2002.BELUGA.ADN_20_04810.S_20_01331.dl.n_s.bam,0.426174,0.491723,0.082103,3
S_20_01400,290.FRB.1997.BELUGA.ADN_20_04855.S_20_01400.dl.n_s.bam,1.00E-05,0.99998,1.00E-05,3
S_20_01434,294.FRB.1996.BELUGA.ADN_20_04926.S_20_01434.dl.n_s.bam,0.417759,0.506942,0.075299,3
S_20_01437,295.FRB.1996.BELUGA.ADN_20_04929.S_20_01437.dl.n_s.bam,0.506735,0.383572,0.109693,3
S_20_01438,293.FRB.1996.BELUGA.ADN_20_04930.S_20_01438.dl.n_s.bam,0.381991,0.433792,0.184217,3
S_20_01444,289.FRB.1996.BELUGA.ADN_20_04918.S_20_01444.dl.n_s.bam,1.00E-05,0.99998,1.00E-05,3
S_20_01454,291.FRB.1993.BELUGA.ADN_20_04901.S_20_01454.dl.n_s.bam,0.4196,0.391929,0.188471,3
S_20_01462,292.FRB.1994.BELUGA.ADN_20_04909.S_20_01462.dl.n_s.bam,0.386876,0.51098,0.102144,3
S_20_00929,194.NHB.1993.BELUGA.ADN_20_02014.S_20_00929.dl.n_s.bam,0.395208,0.447814,0.156979,3
S_20_01051,198.NHB.1999.BELUGA.ADN_20_02052.S_20_01051.dl.n_s.bam,0.99998,1.00E-05,1.00E-05,3
S_20_01052,197.NHB.1999.BELUGA.ADN_20_01276.S_20_01052.dl.n_s.bam,0.569682,0.412722,0.017597,3
S_20_01062,200.NHB.2000.BELUGA.ADN_20_04748.S_20_01062.dl.n_s.bam,0.544783,0.134703,0.320514,3
S_20_01063,202.NHB.2000.BELUGA.ADN_20_04752.S_20_01063.dl.n_s.bam,0.477269,0.469954,0.052777,3
S_20_01066,199.NHB.2000.BELUGA.ADN_20_04746.S_20_01066.dl.n_s.bam,0.371984,0.374918,0.253099,3
S_20_01067,205.NHB.2000.BELUGA.ADN_20_04749.S_20_01067.dl.n_s.bam,0.332549,0.43658,0.230871,3
S_20_01259,207.NHB.2007.BELUGA.ADN_20_04654.S_20_01259.dl.n_s.bam,0.509203,0.434824,0.055972,3
S_20_01260,208.NHB.2007.BELUGA.ADN_20_05021.S_20_01260.dl.n_s.bam,0.490617,0.399095,0.110288,3
S_20_01261,206.NHB.2007.BELUGA.ADN_20_04657.S_20_01261.dl.n_s.bam,0.439895,0.408163,0.151942,3
S_20_01279,203.NHB.2000.BELUGA.ADN_20_04743.S_20_01279.dl.n_s.bam,0.99998,1.00E-05,1.00E-05,3
S_20_01359,218.NHB.2009.BELUGA.ADN_20_04805.S_20_01359.dl.n_s.bam,0.411002,0.396774,0.192224,3
S_20_01384,204.NHB.2001.BELUGA.ADN_20_04877.S_20_01384.dl.n_s.bam,0.376607,0.401341,0.222053,3
S_20_01388,209.NHB.2001.BELUGA.ADN_20_05953.S_20_01388.dl.n_s.bam,0.465591,0.4129,0.121509,3
S_20_01390,210.NHB.2001.BELUGA.ADN_20_04881.S_20_01390.dl.n_s.bam,0.503568,0.496422,1.00E-05,3
S_20_01391,201.NHB.2001.BELUGA.ADN_20_04872.S_20_01391.dl.n_s.bam,0.396816,0.33416,0.269024,3
S_20_01392,211.NHB.2001.BELUGA.ADN_20_04873.S_20_01392.dl.n_s.bam,0.347521,0.41311,0.239369,3
S_20_01393,212.NHB.2001.BELUGA.ADN_20_04874.S_20_01393.dl.n_s.bam,0.268889,0.545,0.186111,3
S_20_01394,214.NHB.2001.BELUGA.ADN_20_04876.S_20_01394.dl.n_s.bam,0.493245,0.178513,0.328242,3
S_20_01413,216.NHB.2001.BELUGA.ADN_20_04867.S_20_01413.dl.n_s.bam,0.407643,0.431171,0.161186,3
S_20_01414,213.NHB.2001.BELUGA.ADN_20_04869.S_20_01414.dl.n_s.bam,0.585378,0.182746,0.231876,3
S_20_01415,219.NHB.2001.BELUGA.ADN_20_04870.S_20_01415.dl.n_s.bam,0.49059,0.379105,0.130305,3
S_20_01480,217.NHB.2001.BELUGA.ADN_20_04898.S_20_01480.dl.n_s.bam,0.459909,0.175393,0.364698,3
S_20_03497,215.NHB.2001.BELUGA.ADN_20_05970.S_20_03497.dl.n_s.bam,0.561544,0.34716,0.091296,3
S_20_01453,223.NHS.1993.BELUGA.ADN_20_04900.S_20_01453.dl.n_s.bam,0.379773,0.419254,0.200973,3
S_20_01528,231.NHS.1989.BELUGA.ADN_20_05001.S_20_01528.dl.n_s.bam,0.332851,0.370267,0.296882,3
S_20_00678,44.NWH.1992.BELUGA.ADN_20_01413.S_20_00678.dl.n_s.bam,0.505288,0.128371,0.366341,3
S_20_00681,18.NWH.1999.BELUGA.ADN_20_01484.S_20_00681.dl.n_s.bam,0.720432,1.00E-05,0.279558,3
S_20_00682,17.NWH.1999.BELUGA.ADN_20_01402.S_20_00682.dl.n_s.bam,0.517968,0.43316,0.048873,3
S_20_00792,22.NWH.2003.BELUGA.ADN_20_02360.S_20_00792.dl.n_s.bam,0.497595,0.209775,0.29263,3
S_20_00795,23.NWH.2003.BELUGA.ADN_20_01016.S_20_00795.dl.n_s.bam,0.438635,0.27383,0.287535,3
S_20_00804,24.NWH.2003.BELUGA.ADN_20_02352.S_20_00804.dl.n_s.bam,0.310834,0.178341,0.510825,3
S_20_01022,52.NWH.1997.BELUGA.ADN_20_01203.S_20_01022.dl.n_s.bam,0.704683,0.146823,0.148494,3
S_20_01230,27.NWH.2009.BELUGA.ADN_20_04617.S_20_01230.dl.n_s.bam,0.532246,0.326769,0.140986,3
S_20_01233,26.NWH.2009.BELUGA.ADN_20_04620.S_20_01233.dl.n_s.bam,0.475457,0.357384,0.16716,3
S_20_01250,31.NWH.1999.BELUGA.ADN_20_04639.S_20_01250.dl.n_s.bam,0.364578,0.311536,0.323886,3
S_20_01282,38.NWH.2005.BELUGA.ADN_20_04738.S_20_01282.dl.n_s.bam,0.38257,0.262649,0.354781,3
S_20_01288,48.NWH.1999.BELUGA.ADN_20_04732.S_20_01288.dl.n_s.bam,0.406416,0.416424,0.17716,3
S_20_01290,51.NWH.1999.BELUGA.ADN_20_04730.S_20_01290.dl.n_s.bam,0.99998,1.00E-05,1.00E-05,3
S_20_01294,35.NWH.2005.BELUGA.ADN_20_04726.S_20_01294.dl.n_s.bam,0.29851,0.261517,0.439974,3
S_20_01296,36.NWH.2005.BELUGA.ADN_20_04724.S_20_01296.dl.n_s.bam,0.395516,0.118513,0.485971,3
S_20_01298,19.NWH.1999.BELUGA.ADN_20_04722.S_20_01298.dl.n_s.bam,0.436898,0.402083,0.16102,3
S_20_01308,37.NWH.2005.BELUGA.ADN_20_04712.S_20_01308.dl.n_s.bam,0.410127,0.20388,0.385994,3
S_20_01310,34.NWH.1999.BELUGA.ADN_20_04710.S_20_01310.dl.n_s.bam,0.419504,0.361304,0.219192,3
S_20_01317,54.NWH.1997.BELUGA.ADN_20_05019.S_20_01317.dl.n_s.bam,0.415611,0.235112,0.349277,3
S_20_01322,53.NWH.1997.BELUGA.ADN_20_04692.S_20_01322.dl.n_s.bam,0.480506,0.264501,0.254992,3
S_20_01363,15.NWH.2014.BELUGA.ADN_20_04776.S_20_01363.dl.n_s.bam,0.585793,0.414197,1.00E-05,3
S_20_01366,30.NWH.2014.BELUGA.ADN_20_04780.S_20_01366.dl.n_s.bam,0.398583,0.240733,0.360684,3
S_20_01374,25.NWH.2008.BELUGA.ADN_20_04772.S_20_01374.dl.n_s.bam,0.340601,0.358064,0.301335,3
S_20_01375,20.NWH.1999.BELUGA.ADN_20_04755.S_20_01375.dl.n_s.bam,0.434282,0.151382,0.414336,3
S_20_01419,49.NWH.2011.BELUGA.ADN_20_04829.S_20_01419.dl.n_s.bam,0.442027,0.262869,0.295104,3
S_20_01514,28.NWH.2012.BELUGA.ADN_20_04986.S_20_01514.dl.n_s.bam,0.510714,0.288328,0.200958,3
S_20_01516,29.NWH.2012.BELUGA.ADN_20_04988.S_20_01516.dl.n_s.bam,0.38707,0.400045,0.212884,3
S_20_01551,33.NWH.2010.BELUGA.ADN_20_05933.S_20_01551.dl.n_s.bam,0.364199,0.280095,0.355707,3
S_20_01553,56.NWH.2011.BELUGA.ADN_20_05929.S_20_01553.dl.n_s.bam,0.348926,0.132929,0.518145,3
S_20_01555,50.NWH.2014.BELUGA.ADN_20_05927.S_20_01555.dl.n_s.bam,0.397645,0.37128,0.231076,3
S_20_01562,39.NWH.2009.BELUGA.ADN_20_05923.S_20_01562.dl.n_s.bam,0.427181,0.319298,0.253521,3
S_20_01590,40.NWH.2010.BELUGA.ADN_20_05886.S_20_01590.dl.n_s.bam,0.451036,0.077748,0.471216,3
S_20_01594,32.NWH.2009.BELUGA.ADN_20_05871.S_20_01594.dl.n_s.bam,0.414608,0.109217,0.476175,3
S_20_03515,46.NWH.2015.BELUGA.ADN_20_01172.S_20_03515.dl.n_s.bam,0.507108,0.116241,0.376651,3
S_20_03517,47.NWH.2015.BELUGA.ADN_20_01174.S_20_03517.dl.n_s.bam,0.448571,0.091694,0.459735,3
S_20_04103,13.REB.1995.BELUGA.ADN_20_05504.S_20_04103.dl.n_s.bam,0.392809,0.250757,0.356434,3
S_20_04123,11.REB.2006.BELUGA.ADN_20_05524.S_20_04123.dl.n_s.bam,0.399334,0.397302,0.203364,3
S_20_01441,140.SAN.2009.BELUGA.ADN_20_04939.S_20_01441.dl.n_s.bam,0.333749,1.00E-05,0.666241,3
S_20_01465,130.SAN.1995.BELUGA.ADN_20_04912.S_20_01465.dl.n_s.bam,0.346122,0.06622,0.587658,3
S_20_03642,172.SAN.2018.BELUGA.ADN_20_05389.S_20_03642.dl.n_s.bam,0.323086,0.067886,0.609028,3
S_20_03846,109.SAN.1994.BELUGA.ADN_20_06011.S_20_03846.dl.n_s.bam,0.307523,0.111655,0.580822,3
S_20_03849,185.SAN.1994.BELUGA.ADN_20_05255.S_20_03849.dl.n_s.bam,0.316208,1.00E-05,0.683782,3
S_20_04029,165.SAN.2016.BELUGA.ADN_20_05430.S_20_04029.dl.n_s.bam,1.00E-05,1.00E-05,0.99998,3
S_20_04091,175.SAN.2020.BELUGA.ADN_20_05492.S_20_04091.dl.n_s.bam,0.315634,0.036654,0.647712,3
S_20_01765,102.SEH.1994.BELUGA.ADN_20_01678.S_20_01765.dl.n_s.bam,0.344978,0.325682,0.329341,3
S_20_01784,100.SEH.1994.BELUGA.ADN_20_01677.S_20_01784.dl.n_s.bam,0.287983,0.36073,0.351287,3
S_20_01867,101.SEH.1994.BELUGA.ADN_20_02630.S_20_01867.dl.n_s.bam,0.399536,0.318064,0.2824,3
S_20_02340,103.SEH.2000.BELUGA.ADN_20_04477.S_20_02340.dl.n_s.bam,0.388015,0.367947,0.244038,3
S_20_03105,90.SEH.1997.BELUGA.ADN_20_03225.S_20_03105.dl.n_s.bam,0.385255,0.304591,0.310155,3
S_20_03418,98.SEH.2016.BELUGA.ADN_20_02489.S_20_03418.dl.n_s.bam,0.36576,0.35551,0.27873,3
S_20_03419,99.SEH.2016.BELUGA.ADN_20_03865.S_20_03419.dl.n_s.bam,1.00E-05,0.524291,0.475699,3
S_20_03421,95.SEH.2016.BELUGA.ADN_20_02490.S_20_03421.dl.n_s.bam,1.00E-05,0.526114,0.473876,3
S_20_03526,96.SEH.2016.BELUGA.ADN_20_03197.S_20_03526.dl.n_s.bam,0.391683,0.316923,0.291394,3
S_20_01743,279.SHS.2020.BELUGA.ADN_20_04591.S_20_01743.dl.n_s.bam,0.442775,0.358736,0.198488,3
S_20_01750,250.SHS.2019.BELUGA.ADN_20_04597.S_20_01750.dl.n_s.bam,1.00E-05,0.99998,1.00E-05,3
S_20_01935,240.SHS.1999.BELUGA.ADN_20_01892.S_20_01935.dl.n_s.bam,0.508892,0.491098,1.00E-05,3
S_20_02016,270.SHS.2013.BELUGA.ADN_20_04084.S_20_02016.dl.n_s.bam,0.382996,0.356826,0.260178,3
S_20_02328,280.SHS.2000.BELUGA.ADN_20_04465.S_20_02328.dl.n_s.bam,1.00E-05,0.99998,1.00E-05,3
S_20_02329,261.SHS.2000.BELUGA.ADN_20_04466.S_20_02329.dl.n_s.bam,1.00E-05,0.99998,1.00E-05,3
S_20_02537,241.SHS.2004.BELUGA.ADN_20_04338.S_20_02537.dl.n_s.bam,0.500957,0.391136,0.107907,3
S_20_02539,242.SHS.2004.BELUGA.ADN_20_04340.S_20_02539.dl.n_s.bam,0.571625,0.418435,0.00994,3
S_20_02925,275.SHS.2018.BELUGA.ADN_20_03885.S_20_02925.dl.n_s.bam,0.381151,0.245345,0.373505,3
S_20_02927,264.SHS.2018.BELUGA.ADN_20_03983.S_20_02927.dl.n_s.bam,0.582573,0.166021,0.251406,3
S_20_02952,256.SHS.2018.BELUGA.ADN_20_04008.S_20_02952.dl.n_s.bam,0.476661,0.270843,0.252496,3
S_20_03438,253.SHS.1995.BELUGA.ADN_20_05083.S_20_03438.dl.n_s.bam,1.00E-05,0.664736,0.335254,3
S_20_03439,285.SHS.1995.BELUGA.ADN_20_05084.S_20_03439.dl.n_s.bam,0.352769,0.46453,0.182701,3
S_20_03440,252.SHS.1995.BELUGA.ADN_20_05085.S_20_03440.dl.n_s.bam,0.299029,0.524758,0.176213,3
S_20_01781,351.SLE.2009.BELUGA.ADN_20_04491.S_20_01781.dl.n_s.bam,0.394798,0.411731,0.193471,3
S_20_00770,74.SWH.2003.BELUGA.ADN_20_01128.S_20_00770.dl.n_s.bam,0.426785,0.378737,0.194478,3
S_20_01178,287.UNG.2019.BELUGA.ADN_20_02304.S_20_01178.dl.n_s.bam,0.468096,0.49512,0.036784,3
S_20_01179,288.UNG.2019.BELUGA.ADN_20_02305.S_20_01179.dl.n_s.bam,0.387722,0.328208,0.28407,3
S_20_01180,286.UNG.2019.BELUGA.ADN_20_02306.S_20_01180.dl.n_s.bam,0.522263,0.477727,1.00E-05,3
S_20_00807,57.JAM.2002.BELUGA.ADN_20_01029.S_20_00807.dl.n_s.bam,0.99998,1.00E-05,1.00E-05,3
S_20_00808,58.JAM.2002.BELUGA.ADN_20_01030.S_20_00808.dl.n_s.bam,0.394641,0.295013,0.310346,3
S_20_00809,60.JAM.2002.BELUGA.ADN_20_01031.S_20_00809.dl.n_s.bam,0.99998,1.00E-05,1.00E-05,3
S_20_00810,59.JAM.2002.BELUGA.ADN_20_01032.S_20_00810.dl.n_s.bam,0.438936,0.25354,0.307524,3
S_20_01019,220.NEH.2003.BELUGA.ADN_20_01427.S_20_01019.dl.n_s.bam,0.538062,0.35543,0.106507,3
S_20_00944,195.NHB.1996.BELUGA.ADN_20_01523.S_20_00944.dl.n_s.bam,0.679612,1.00E-05,0.320378,3
S_20_00948,196.NHB.1996.BELUGA.ADN_20_01527.S_20_00948.dl.n_s.bam,0.650033,1.00E-05,0.349957,3
S_20_01278,225.NHS.1993.BELUGA.ADN_20_04674.S_20_01278.dl.n_s.bam,0.488968,0.391522,0.11951,3
S_20_01346,238.NHS.2002.BELUGA.ADN_20_04793.S_20_01346.dl.n_s.bam,0.43983,0.469893,0.090278,3
S_20_01350,236.NHS.2001.BELUGA.ADN_20_04781.S_20_01350.dl.n_s.bam,0.318306,0.393329,0.288365,3
S_20_01355,237.NHS.2001.BELUGA.ADN_20_04786.S_20_01355.dl.n_s.bam,0.542754,0.262651,0.194596,3
S_20_01357,229.NHS.2001.BELUGA.ADN_20_04788.S_20_01357.dl.n_s.bam,0.427448,0.471354,0.101197,3
S_20_01482,224.NHS.1991.BELUGA.ADN_20_04945.S_20_01482.dl.n_s.bam,0.427898,0.523668,0.048435,3
S_20_01486,227.NHS.1994.BELUGA.ADN_20_04952.S_20_01486.dl.n_s.bam,0.473194,0.526796,1.00E-05,3
S_20_01487,232.NHS.1994.BELUGA.ADN_20_04953.S_20_01487.dl.n_s.bam,1.00E-05,0.99998,1.00E-05,3
S_20_01489,226.NHS.1994.BELUGA.ADN_20_04956.S_20_01489.dl.n_s.bam,0.514181,0.398173,0.087646,3
S_20_01494,233.NHS.1994.BELUGA.ADN_20_04961.S_20_01494.dl.n_s.bam,0.363289,0.405793,0.230918,3
S_20_01507,228.NHS.1996.BELUGA.ADN_20_04977.S_20_01507.dl.n_s.bam,0.541865,0.458125,1.00E-05,3
S_20_03503,239.NHS.1996.BELUGA.ADN_20_05981.S_20_03503.dl.n_s.bam,0.46458,0.422344,0.113076,3
S_20_00830,41.NWH.1999.BELUGA.ADN_20_02055.S_20_00830.dl.n_s.bam,0.418808,0.318057,0.263136,3
S_20_01078,42.NWH.1999.BELUGA.ADN_20_01304.S_20_01078.dl.n_s.bam,0.99998,1.00E-05,1.00E-05,3
S_20_01079,43.NWH.1999.BELUGA.ADN_20_01305.S_20_01079.dl.n_s.bam,0.99998,1.00E-05,1.00E-05,3
S_20_04111,10.REB.1997.BELUGA.ADN_20_05512.S_20_04111.dl.n_s.bam,0.405892,0.233893,0.360215,3
S_20_04130,12.REB.2015.BELUGA.ADN_20_05531.S_20_04130.dl.n_s.bam,0.588076,0.113976,0.297948,3
S_20_03555,131.SAN.1996.BELUGA.ADN_20_05224.S_20_03555.dl.n_s.bam,0.410024,0.38013,0.209846,3
S_20_03731,118.SAN.2010.BELUGA.ADN_20_05165.S_20_03731.dl.n_s.bam,1.00E-05,1.00E-05,0.99998,3
S_20_04048,188.SAN.2017.BELUGA.ADN_20_05449.S_20_04048.dl.n_s.bam,1.00E-05,1.00E-05,0.99998,3
S_20_04063,123.SAN.2019.BELUGA.ADN_20_05464.S_20_04063.dl.n_s.bam,1.00E-05,1.00E-05,0.99998,3
S_20_01152,80.SEH.2019.BELUGA.ADN_20_04598.S_20_01152.dl.n_s.bam,0.347581,0.384743,0.267675,3
S_20_01174,82.SEH.2020.BELUGA.ADN_20_04577.S_20_01174.dl.n_s.bam,0.271096,0.070638,0.658266,3
S_20_01727,78.SEH.2019.BELUGA.ADN_20_04583.S_20_01727.dl.n_s.bam,0.325332,0.313128,0.36154,3
S_20_01744,84.SEH.2020.BELUGA.ADN_20_04578.S_20_01744.dl.n_s.bam,0.304093,0.103511,0.592396,3
S_20_01160,257.SHS.2019.BELUGA.ADN_20_04609.S_20_01160.dl.n_s.bam,0.317303,0.453742,0.228955,3
S_20_01162,258.SHS.2019.BELUGA.ADN_20_04558.S_20_01162.dl.n_s.bam,0.321597,0.365234,0.313169,3
S_20_01165,259.SHS.2019.BELUGA.ADN_20_04604.S_20_01165.dl.n_s.bam,0.31754,0.384447,0.298013,3
S_20_01169,278.SHS.2020.BELUGA.ADN_20_04603.S_20_01169.dl.n_s.bam,0.342248,0.418231,0.239521,3
S_20_01883,260.SHS.1994.BELUGA.ADN_20_02823.S_20_01883.dl.n_s.bam,0.35721,0.420197,0.222592,3
S_20_02024,244.SHS.2013.BELUGA.ADN_20_04097.S_20_02024.dl.n_s.bam,0.568663,0.072822,0.358515,3
S_20_02138,271.SHS.2002.BELUGA.ADN_20_04117.S_20_02138.dl.n_s.bam,0.409973,0.345987,0.24404,3
S_20_03385,249.SHS.2018.BELUGA.ADN_20_05060.S_20_03385.dl.n_s.bam,0.534732,0.381447,0.08382,3
S_20_03396,248.SHS.2018.BELUGA.ADN_20_05071.S_20_03396.dl.n_s.bam,0.433136,0.100314,0.46655,3
S_20_03551,274.SHS.2017.BELUGA.ADN_20_04518.S_20_03551.dl.n_s.bam,0.383647,0.404223,0.21213,3
S_20_01574,141.SAN.2021.BELUGA.ADN_20_05902.S_20_01574.dl.n_s.bam,0.427669,0.457584,0.114747,3
S_20_01612,184.SAN.2021.BELUGA.ADN_20_05033.S_20_01612.dl.n_s.bam,0.281826,0.135092,0.583082,3
S_20_03736,159.SAN.2011.BELUGA.ADN_20_05988.S_20_03736.dl.n_s.bam,0.268584,0.050485,0.680931,3
S_20_00782,314.CBS.2005.BELUGA.ADN_20_00969.S_20_00782.dl.n_s.bam,0.444482,0.479744,0.075775,3
S_20_00811,45.NWH.2002.BELUGA.ADN_20_01059.S_20_00811.dl.n_s.bam,0.39766,0.157567,0.444772,3
S_20_00742,147.SAN.2004.BELUGA.ADN_20_00990.S_20_00742.dl.n_s.bam,0.379195,1.00E-05,0.620795,3
S_20_03103,91.SEH.1997.BELUGA.ADN_20_03223.S_20_03103.dl.n_s.bam,0.319989,0.344501,0.33551,3
S_20_03104,92.SEH.1997.BELUGA.ADN_20_03224.S_20_03104.dl.n_s.bam,0.426256,0.392183,0.181561,3
S_20_01968,262.SHS.2010.BELUGA.ADN_20_04035.S_20_01968.dl.n_s.bam,0.450017,0.462809,0.087174,3
S_20_01337,222.NHS.2009.BELUGA.ADN_20_04798.S_20_01337.dl.n_s.bam,0.99999,1.00E-05,NA,2
S_20_01339,221.NHS.2009.BELUGA.ADN_20_04800.S_20_01339.dl.n_s.bam,0.99999,1.00E-05,NA,2
S_20_01386,230.NHS.2008.BELUGA.ADN_20_05016.S_20_01386.dl.n_s.bam,0.624845,0.375155,NA,2
S_20_01463,234.NHS.1996.BELUGA.ADN_20_04910.S_20_01463.dl.n_s.bam,0.99999,1.00E-05,NA,2
S_20_00739,142.SAN.2002.BELUGA.ADN_20_02291.S_20_00739.dl.n_s.bam,0.222877,0.777123,NA,2
S_20_00744,144.SAN.2002.BELUGA.ADN_20_02287.S_20_00744.dl.n_s.bam,0.146763,0.853237,NA,2
S_20_00751,136.SAN.2003.BELUGA.ADN_20_01088.S_20_00751.dl.n_s.bam,1.00E-05,0.99999,NA,2
S_20_00756,137.SAN.2004.BELUGA.ADN_20_05321.S_20_00756.dl.n_s.bam,0.153806,0.846194,NA,2
S_20_00767,146.SAN.2004.BELUGA.ADN_20_01094.S_20_00767.dl.n_s.bam,0.195149,0.804851,NA,2
S_20_03466,186.SAN.2009.BELUGA.ADN_20_05143.S_20_03466.dl.n_s.bam,0.178261,0.821739,NA,2
S_20_03644,193.SAN.2018.BELUGA.ADN_20_05381.S_20_03644.dl.n_s.bam,1.00E-05,0.99999,NA,2
S_20_03678,113.SAN.2007.BELUGA.ADN_20_05112.S_20_03678.dl.n_s.bam,1.00E-05,0.99999,NA,2
S_20_03681,154.SAN.2007.BELUGA.ADN_20_05115.S_20_03681.dl.n_s.bam,1.00E-05,0.99999,NA,2
S_20_03707,106.SAN.2009.BELUGA.ADN_20_05141.S_20_03707.dl.n_s.bam,0.33269,0.66731,NA,2
S_20_03742,120.SAN.2011.BELUGA.ADN_20_05173.S_20_03742.dl.n_s.bam,0.189179,0.810821,NA,2
S_20_03743,160.SAN.2011.BELUGA.ADN_20_05174.S_20_03743.dl.n_s.bam,0.240604,0.759396,NA,2
S_20_03752,179.SAN.2020.BELUGA.ADN_20_05183.S_20_03752.dl.n_s.bam,0.19578,0.80422,NA,2
S_20_03753,183.SAN.2020.BELUGA.ADN_20_05184.S_20_03753.dl.n_s.bam,0.252144,0.747856,NA,2
S_20_03754,182.SAN.2020.BELUGA.ADN_20_05185.S_20_03754.dl.n_s.bam,0.228229,0.771771,NA,2
S_20_03764,155.SAN.2007.BELUGA.ADN_20_05195.S_20_03764.dl.n_s.bam,0.198442,0.801558,NA,2
S_20_03785,129.SAN.1995.BELUGA.ADN_20_05214.S_20_03785.dl.n_s.bam,1.00E-05,0.99999,NA,2
S_20_03803,133.SAN.1997.BELUGA.ADN_20_05227.S_20_03803.dl.n_s.bam,0.316752,0.683248,NA,2
S_20_03816,134.SAN.1997.BELUGA.ADN_20_05233.S_20_03816.dl.n_s.bam,0.209806,0.790194,NA,2
S_20_03822,125.SAN.1993.BELUGA.ADN_20_06003.S_20_03822.dl.n_s.bam,0.246924,0.753076,NA,2
S_20_03830,128.SAN.1994.BELUGA.ADN_20_05243.S_20_03830.dl.n_s.bam,0.261558,0.738442,NA,2
S_20_03832,114.SAN.1994.BELUGA.ADN_20_05245.S_20_03832.dl.n_s.bam,0.19919,0.80081,NA,2
S_20_03836,127.SAN.1994.BELUGA.ADN_20_05248.S_20_03836.dl.n_s.bam,0.212826,0.787174,NA,2
S_20_03965,192.SAN.2018.BELUGA.ADN_20_05367.S_20_03965.dl.n_s.bam,0.250937,0.749063,NA,2
S_20_03968,190.SAN.2018.BELUGA.ADN_20_05370.S_20_03968.dl.n_s.bam,0.226982,0.773018,NA,2
S_20_03969,191.SAN.2018.BELUGA.ADN_20_05371.S_20_03969.dl.n_s.bam,0.227277,0.772723,NA,2
S_20_03971,189.SAN.2018.BELUGA.ADN_20_05373.S_20_03971.dl.n_s.bam,1.00E-05,0.99999,NA,2
S_20_03977,107.SAN.2018.BELUGA.ADN_20_05379.S_20_03977.dl.n_s.bam,0.283741,0.716259,NA,2
S_20_03992,173.SAN.2019.BELUGA.ADN_20_05394.S_20_03992.dl.n_s.bam,0.273164,0.726836,NA,2
S_20_03996,174.SAN.2019.BELUGA.ADN_20_05398.S_20_03996.dl.n_s.bam,1.00E-05,0.99999,NA,2
S_20_04031,122.SAN.2017.BELUGA.ADN_20_05432.S_20_04031.dl.n_s.bam,1.00E-05,0.99999,NA,2
S_20_04056,108.SAN.2019.BELUGA.ADN_20_05457.S_20_04056.dl.n_s.bam,0.18073,0.81927,NA,2
S_20_04076,178.SAN.2020.BELUGA.ADN_20_05477.S_20_04076.dl.n_s.bam,0.215513,0.784487,NA,2
S_20_04087,176.SAN.2020.BELUGA.ADN_20_05488.S_20_04087.dl.n_s.bam,1.00E-05,0.99999,NA,2
S_20_04088,181.SAN.2020.BELUGA.ADN_20_05489.S_20_04088.dl.n_s.bam,0.186433,0.813567,NA,2
S_20_00905,245.SHS.2003.BELUGA.ADN_20_02725.S_20_00905.dl.n_s.bam,0.698914,0.301086,NA,2
S_20_01140,281.SHS.2019.BELUGA.ADN_20_02324.S_20_01140.dl.n_s.bam,0.367258,0.632742,NA,2
S_20_01149,276.SHS.2019.BELUGA.ADN_20_04606.S_20_01149.dl.n_s.bam,0.580339,0.419661,NA,2
S_20_01181,266.SHS.2019.BELUGA.ADN_20_02312.S_20_01181.dl.n_s.bam,0.450245,0.549755,NA,2
S_20_01182,265.SHS.2019.BELUGA.ADN_20_02318.S_20_01182.dl.n_s.bam,0.566941,0.433059,NA,2
S_20_01644,269.SHS.2019.BELUGA.ADN_20_02315.S_20_01644.dl.n_s.bam,0.496754,0.503246,NA,2
S_20_01680,267.SHS.2019.BELUGA.ADN_20_02310.S_20_01680.dl.n_s.bam,0.561739,0.438261,NA,2
S_20_01699,268.SHS.2019.BELUGA.ADN_20_02311.S_20_01699.dl.n_s.bam,0.509544,0.490456,NA,2
S_20_01705,283.SHS.2019.BELUGA.ADN_20_02344.S_20_01705.dl.n_s.bam,0.335516,0.664484,NA,2
S_20_01998,273.SHS.2013.BELUGA.ADN_20_04066.S_20_01998.dl.n_s.bam,0.557201,0.442799,NA,2
S_20_02317,254.SHS.2000.BELUGA.ADN_20_04454.S_20_02317.dl.n_s.bam,0.529227,0.470773,NA,2
S_20_02719,263.SHS.2007.BELUGA.ADN_20_02564.S_20_02719.dl.n_s.bam,0.550448,0.449552,NA,2
S_20_02755,255.SHS.2007.BELUGA.ADN_20_02545.S_20_02755.dl.n_s.bam,0.605229,0.394771,NA,2
S_20_02799,243.SHS.2009.BELUGA.ADN_20_05055.S_20_02799.dl.n_s.bam,0.525328,0.474672,NA,2
S_20_03257,282.SHS.2005.BELUGA.ADN_20_04236.S_20_03257.dl.n_s.bam,0.607674,0.392326,NA,2
S_20_00664,328.CBS.2005.BELUGA.ADN_20_02296.S_20_00664.dl.n_s.bam,0.591347,0.408653,NA,2
S_20_00693,316.CBS.2005.BELUGA.ADN_20_02375.S_20_00693.dl.n_s.bam,0.563702,0.436298,NA,2
S_20_01255,340.CBS.2009.BELUGA.ADN_20_04646.S_20_01255.dl.n_s.bam,0.550249,0.449751,NA,2
S_20_01580,302.CBS.2016.BELUGA.ADN_20_05906.S_20_01580.dl.n_s.bam,0.555864,0.444136,NA,2
S_20_01597,299.CBS.1984.BELUGA.ADN_20_05878.S_20_01597.dl.n_s.bam,0.50192,0.49808,NA,2
S_20_01331,296.FRB.2002.BELUGA.ADN_20_04810.S_20_01331.dl.n_s.bam,0.641826,0.358174,NA,2
S_20_01400,290.FRB.1997.BELUGA.ADN_20_04855.S_20_01400.dl.n_s.bam,0.654487,0.345513,NA,2
S_20_01434,294.FRB.1996.BELUGA.ADN_20_04926.S_20_01434.dl.n_s.bam,0.626384,0.373616,NA,2
S_20_01437,295.FRB.1996.BELUGA.ADN_20_04929.S_20_01437.dl.n_s.bam,0.574864,0.425136,NA,2
S_20_01438,293.FRB.1996.BELUGA.ADN_20_04930.S_20_01438.dl.n_s.bam,0.558537,0.441463,NA,2
S_20_01444,289.FRB.1996.BELUGA.ADN_20_04918.S_20_01444.dl.n_s.bam,0.99999,1.00E-05,NA,2
S_20_01454,291.FRB.1993.BELUGA.ADN_20_04901.S_20_01454.dl.n_s.bam,0.550408,0.449592,NA,2
S_20_01462,292.FRB.1994.BELUGA.ADN_20_04909.S_20_01462.dl.n_s.bam,0.644467,0.355533,NA,2
S_20_00929,194.NHB.1993.BELUGA.ADN_20_02014.S_20_00929.dl.n_s.bam,0.583677,0.416323,NA,2
S_20_01051,198.NHB.1999.BELUGA.ADN_20_02052.S_20_01051.dl.n_s.bam,0.604671,0.395329,NA,2
S_20_01052,197.NHB.1999.BELUGA.ADN_20_01276.S_20_01052.dl.n_s.bam,0.611866,0.388134,NA,2
S_20_01062,200.NHB.2000.BELUGA.ADN_20_04748.S_20_01062.dl.n_s.bam,0.351332,0.648668,NA,2
S_20_01063,202.NHB.2000.BELUGA.ADN_20_04752.S_20_01063.dl.n_s.bam,0.611679,0.388321,NA,2
S_20_01066,199.NHB.2000.BELUGA.ADN_20_04746.S_20_01066.dl.n_s.bam,0.502876,0.497124,NA,2
S_20_01067,205.NHB.2000.BELUGA.ADN_20_04749.S_20_01067.dl.n_s.bam,0.544276,0.455724,NA,2
S_20_01259,207.NHB.2007.BELUGA.ADN_20_04654.S_20_01259.dl.n_s.bam,0.616442,0.383558,NA,2
S_20_01260,208.NHB.2007.BELUGA.ADN_20_05021.S_20_01260.dl.n_s.bam,0.582629,0.417371,NA,2
S_20_01261,206.NHB.2007.BELUGA.ADN_20_04657.S_20_01261.dl.n_s.bam,0.560242,0.439758,NA,2
S_20_01279,203.NHB.2000.BELUGA.ADN_20_04743.S_20_01279.dl.n_s.bam,0.573731,0.426269,NA,2
S_20_01359,218.NHB.2009.BELUGA.ADN_20_04805.S_20_01359.dl.n_s.bam,0.559305,0.440695,NA,2
S_20_01384,204.NHB.2001.BELUGA.ADN_20_04877.S_20_01384.dl.n_s.bam,0.530194,0.469806,NA,2
S_20_01388,209.NHB.2001.BELUGA.ADN_20_05953.S_20_01388.dl.n_s.bam,0.581545,0.418455,NA,2
S_20_01390,210.NHB.2001.BELUGA.ADN_20_04881.S_20_01390.dl.n_s.bam,0.634103,0.365897,NA,2
S_20_01391,201.NHB.2001.BELUGA.ADN_20_04872.S_20_01391.dl.n_s.bam,0.481848,0.518152,NA,2
S_20_01392,211.NHB.2001.BELUGA.ADN_20_04873.S_20_01392.dl.n_s.bam,0.531223,0.468777,NA,2
S_20_01393,212.NHB.2001.BELUGA.ADN_20_04874.S_20_01393.dl.n_s.bam,0.587672,0.412328,NA,2
S_20_01394,214.NHB.2001.BELUGA.ADN_20_04876.S_20_01394.dl.n_s.bam,0.368133,0.631867,NA,2
S_20_01413,216.NHB.2001.BELUGA.ADN_20_04867.S_20_01413.dl.n_s.bam,0.580225,0.419775,NA,2
S_20_01414,213.NHB.2001.BELUGA.ADN_20_04869.S_20_01414.dl.n_s.bam,0.417847,0.582153,NA,2
S_20_01415,219.NHB.2001.BELUGA.ADN_20_04870.S_20_01415.dl.n_s.bam,0.566521,0.433479,NA,2
S_20_01480,217.NHB.2001.BELUGA.ADN_20_04898.S_20_01480.dl.n_s.bam,0.343444,0.656556,NA,2
S_20_03497,215.NHB.2001.BELUGA.ADN_20_05970.S_20_03497.dl.n_s.bam,0.55608,0.44392,NA,2
S_20_01453,223.NHS.1993.BELUGA.ADN_20_04900.S_20_01453.dl.n_s.bam,0.568762,0.431238,NA,2
S_20_01528,231.NHS.1989.BELUGA.ADN_20_05001.S_20_01528.dl.n_s.bam,0.488494,0.511506,NA,2
S_20_00678,44.NWH.1992.BELUGA.ADN_20_01413.S_20_00678.dl.n_s.bam,0.343993,0.656007,NA,2
S_20_00681,18.NWH.1999.BELUGA.ADN_20_01484.S_20_00681.dl.n_s.bam,0.327616,0.672384,NA,2
S_20_00682,17.NWH.1999.BELUGA.ADN_20_01402.S_20_00682.dl.n_s.bam,0.621446,0.378554,NA,2
S_20_00792,22.NWH.2003.BELUGA.ADN_20_02360.S_20_00792.dl.n_s.bam,0.396149,0.603851,NA,2
S_20_00795,23.NWH.2003.BELUGA.ADN_20_01016.S_20_00795.dl.n_s.bam,0.439931,0.560069,NA,2
S_20_00804,24.NWH.2003.BELUGA.ADN_20_02352.S_20_00804.dl.n_s.bam,0.282869,0.717131,NA,2
S_20_01022,52.NWH.1997.BELUGA.ADN_20_01203.S_20_01022.dl.n_s.bam,0.454804,0.545196,NA,2
S_20_01230,27.NWH.2009.BELUGA.ADN_20_04617.S_20_01230.dl.n_s.bam,0.521679,0.478321,NA,2
S_20_01233,26.NWH.2009.BELUGA.ADN_20_04620.S_20_01233.dl.n_s.bam,0.525401,0.474599,NA,2
S_20_01250,31.NWH.1999.BELUGA.ADN_20_04639.S_20_01250.dl.n_s.bam,0.440152,0.559848,NA,2
S_20_01282,38.NWH.2005.BELUGA.ADN_20_04738.S_20_01282.dl.n_s.bam,0.384951,0.615049,NA,2
S_20_01288,48.NWH.1999.BELUGA.ADN_20_04732.S_20_01288.dl.n_s.bam,0.565767,0.434233,NA,2
S_20_01290,51.NWH.1999.BELUGA.ADN_20_04730.S_20_01290.dl.n_s.bam,0.392131,0.607869,NA,2
S_20_01294,35.NWH.2005.BELUGA.ADN_20_04726.S_20_01294.dl.n_s.bam,0.375331,0.624669,NA,2
S_20_01296,36.NWH.2005.BELUGA.ADN_20_04724.S_20_01296.dl.n_s.bam,0.286549,0.713451,NA,2
S_20_01298,19.NWH.1999.BELUGA.ADN_20_04722.S_20_01298.dl.n_s.bam,0.562061,0.437939,NA,2
S_20_01308,37.NWH.2005.BELUGA.ADN_20_04712.S_20_01308.dl.n_s.bam,0.358288,0.641712,NA,2
S_20_01310,34.NWH.1999.BELUGA.ADN_20_04710.S_20_01310.dl.n_s.bam,0.514838,0.485162,NA,2
S_20_01317,54.NWH.1997.BELUGA.ADN_20_05019.S_20_01317.dl.n_s.bam,0.386436,0.613564,NA,2
S_20_01322,53.NWH.1997.BELUGA.ADN_20_04692.S_20_01322.dl.n_s.bam,0.436669,0.563331,NA,2
S_20_01363,15.NWH.2014.BELUGA.ADN_20_04776.S_20_01363.dl.n_s.bam,0.615125,0.384875,NA,2
S_20_01366,30.NWH.2014.BELUGA.ADN_20_04780.S_20_01366.dl.n_s.bam,0.376704,0.623296,NA,2
S_20_01374,25.NWH.2008.BELUGA.ADN_20_04772.S_20_01374.dl.n_s.bam,0.481096,0.518904,NA,2
S_20_01375,20.NWH.1999.BELUGA.ADN_20_04755.S_20_01375.dl.n_s.bam,0.332173,0.667827,NA,2
S_20_01419,49.NWH.2011.BELUGA.ADN_20_04829.S_20_01419.dl.n_s.bam,0.421214,0.578786,NA,2
S_20_01514,28.NWH.2012.BELUGA.ADN_20_04986.S_20_01514.dl.n_s.bam,0.48801,0.51199,NA,2
S_20_01516,29.NWH.2012.BELUGA.ADN_20_04988.S_20_01516.dl.n_s.bam,0.54303,0.45697,NA,2
S_20_01551,33.NWH.2010.BELUGA.ADN_20_05933.S_20_01551.dl.n_s.bam,0.418303,0.581697,NA,2
S_20_01553,56.NWH.2011.BELUGA.ADN_20_05929.S_20_01553.dl.n_s.bam,0.274222,0.725778,NA,2
S_20_01555,50.NWH.2014.BELUGA.ADN_20_05927.S_20_01555.dl.n_s.bam,0.525247,0.474753,NA,2
S_20_01562,39.NWH.2009.BELUGA.ADN_20_05923.S_20_01562.dl.n_s.bam,0.481436,0.518564,NA,2
S_20_01590,40.NWH.2010.BELUGA.ADN_20_05886.S_20_01590.dl.n_s.bam,0.271447,0.728553,NA,2
S_20_01594,32.NWH.2009.BELUGA.ADN_20_05871.S_20_01594.dl.n_s.bam,0.281738,0.718262,NA,2
S_20_03515,46.NWH.2015.BELUGA.ADN_20_01172.S_20_03515.dl.n_s.bam,0.33927,0.66073,NA,2
S_20_03517,47.NWH.2015.BELUGA.ADN_20_01174.S_20_03517.dl.n_s.bam,0.278158,0.721842,NA,2
S_20_04103,13.REB.1995.BELUGA.ADN_20_05504.S_20_04103.dl.n_s.bam,0.389914,0.610086,NA,2
S_20_04123,11.REB.2006.BELUGA.ADN_20_05524.S_20_04123.dl.n_s.bam,0.540552,0.459448,NA,2
S_20_01441,140.SAN.2009.BELUGA.ADN_20_04939.S_20_01441.dl.n_s.bam,1.00E-05,0.99999,NA,2
S_20_01465,130.SAN.1995.BELUGA.ADN_20_04912.S_20_01465.dl.n_s.bam,0.199616,0.800384,NA,2
S_20_03642,172.SAN.2018.BELUGA.ADN_20_05389.S_20_03642.dl.n_s.bam,0.163977,0.836023,NA,2
S_20_03846,109.SAN.1994.BELUGA.ADN_20_06011.S_20_03846.dl.n_s.bam,0.233871,0.766129,NA,2
S_20_03849,185.SAN.1994.BELUGA.ADN_20_05255.S_20_03849.dl.n_s.bam,1.00E-05,0.99999,NA,2
S_20_04029,165.SAN.2016.BELUGA.ADN_20_05430.S_20_04029.dl.n_s.bam,0.163605,0.836395,NA,2
S_20_04091,175.SAN.2020.BELUGA.ADN_20_05492.S_20_04091.dl.n_s.bam,0.165842,0.834158,NA,2
S_20_01765,102.SEH.1994.BELUGA.ADN_20_01678.S_20_01765.dl.n_s.bam,0.435855,0.564145,NA,2
S_20_01784,100.SEH.1994.BELUGA.ADN_20_01677.S_20_01784.dl.n_s.bam,0.46584,0.53416,NA,2
S_20_01867,101.SEH.1994.BELUGA.ADN_20_02630.S_20_01867.dl.n_s.bam,0.47088,0.52912,NA,2
S_20_02340,103.SEH.2000.BELUGA.ADN_20_04477.S_20_02340.dl.n_s.bam,0.509203,0.490797,NA,2
S_20_03105,90.SEH.1997.BELUGA.ADN_20_03225.S_20_03105.dl.n_s.bam,0.446426,0.553574,NA,2
S_20_03418,98.SEH.2016.BELUGA.ADN_20_02489.S_20_03418.dl.n_s.bam,0.49375,0.50625,NA,2
S_20_03419,99.SEH.2016.BELUGA.ADN_20_03865.S_20_03419.dl.n_s.bam,0.475974,0.524026,NA,2
S_20_03421,95.SEH.2016.BELUGA.ADN_20_02490.S_20_03421.dl.n_s.bam,0.480447,0.519553,NA,2
S_20_03526,96.SEH.2016.BELUGA.ADN_20_03197.S_20_03526.dl.n_s.bam,0.45158,0.54842,NA,2
S_20_01743,279.SHS.2020.BELUGA.ADN_20_04591.S_20_01743.dl.n_s.bam,0.527912,0.472088,NA,2
S_20_01750,250.SHS.2019.BELUGA.ADN_20_04597.S_20_01750.dl.n_s.bam,0.607013,0.392987,NA,2
S_20_01935,240.SHS.1999.BELUGA.ADN_20_01892.S_20_01935.dl.n_s.bam,0.99999,1.00E-05,NA,2
S_20_02016,270.SHS.2013.BELUGA.ADN_20_04084.S_20_02016.dl.n_s.bam,0.488343,0.511657,NA,2
S_20_02328,280.SHS.2000.BELUGA.ADN_20_04465.S_20_02328.dl.n_s.bam,0.99999,1.00E-05,NA,2
S_20_02329,261.SHS.2000.BELUGA.ADN_20_04466.S_20_02329.dl.n_s.bam,0.99999,1.00E-05,NA,2
S_20_02537,241.SHS.2004.BELUGA.ADN_20_04338.S_20_02537.dl.n_s.bam,0.578612,0.421388,NA,2
S_20_02539,242.SHS.2004.BELUGA.ADN_20_04340.S_20_02539.dl.n_s.bam,0.594406,0.405594,NA,2
S_20_02925,275.SHS.2018.BELUGA.ADN_20_03885.S_20_02925.dl.n_s.bam,0.386956,0.613044,NA,2
S_20_02927,264.SHS.2018.BELUGA.ADN_20_03983.S_20_02927.dl.n_s.bam,0.392408,0.607592,NA,2
S_20_02952,256.SHS.2018.BELUGA.ADN_20_04008.S_20_02952.dl.n_s.bam,0.460065,0.539935,NA,2
S_20_03438,253.SHS.1995.BELUGA.ADN_20_05083.S_20_03438.dl.n_s.bam,0.559959,0.440041,NA,2
S_20_03439,285.SHS.1995.BELUGA.ADN_20_05084.S_20_03439.dl.n_s.bam,0.569631,0.430369,NA,2
S_20_03440,252.SHS.1995.BELUGA.ADN_20_05085.S_20_03440.dl.n_s.bam,0.578136,0.421864,NA,2
S_20_01781,351.SLE.2009.BELUGA.ADN_20_04491.S_20_01781.dl.n_s.bam,0.546081,0.453919,NA,2
S_20_00770,74.SWH.2003.BELUGA.ADN_20_01128.S_20_00770.dl.n_s.bam,0.533932,0.466068,NA,2
S_20_01178,287.UNG.2019.BELUGA.ADN_20_02304.S_20_01178.dl.n_s.bam,0.647705,0.352295,NA,2
S_20_01179,288.UNG.2019.BELUGA.ADN_20_02305.S_20_01179.dl.n_s.bam,0.465894,0.534106,NA,2
S_20_01180,286.UNG.2019.BELUGA.ADN_20_02306.S_20_01180.dl.n_s.bam,0.663781,0.336219,NA,2
S_20_00807,57.JAM.2002.BELUGA.ADN_20_01029.S_20_00807.dl.n_s.bam,1.00E-05,0.99999,NA,2
S_20_00808,58.JAM.2002.BELUGA.ADN_20_01030.S_20_00808.dl.n_s.bam,0.4325,0.5675,NA,2
S_20_00809,60.JAM.2002.BELUGA.ADN_20_01031.S_20_00809.dl.n_s.bam,1.00E-05,0.99999,NA,2
S_20_00810,59.JAM.2002.BELUGA.ADN_20_01032.S_20_00810.dl.n_s.bam,0.419722,0.580278,NA,2
S_20_01019,220.NEH.2003.BELUGA.ADN_20_01427.S_20_01019.dl.n_s.bam,0.552295,0.447705,NA,2
S_20_00944,195.NHB.1996.BELUGA.ADN_20_01523.S_20_00944.dl.n_s.bam,0.297916,0.702084,NA,2
S_20_00948,196.NHB.1996.BELUGA.ADN_20_01527.S_20_00948.dl.n_s.bam,0.325014,0.674986,NA,2
S_20_01278,225.NHS.1993.BELUGA.ADN_20_04674.S_20_01278.dl.n_s.bam,0.571155,0.428845,NA,2
S_20_01346,238.NHS.2002.BELUGA.ADN_20_04793.S_20_01346.dl.n_s.bam,0.622189,0.377811,NA,2
S_20_01350,236.NHS.2001.BELUGA.ADN_20_04781.S_20_01350.dl.n_s.bam,0.510976,0.489024,NA,2
S_20_01355,237.NHS.2001.BELUGA.ADN_20_04786.S_20_01355.dl.n_s.bam,0.482124,0.517876,NA,2
S_20_01357,229.NHS.2001.BELUGA.ADN_20_04788.S_20_01357.dl.n_s.bam,0.645869,0.354131,NA,2
S_20_01482,224.NHS.1991.BELUGA.ADN_20_04945.S_20_01482.dl.n_s.bam,0.99999,1.00E-05,NA,2
S_20_01486,227.NHS.1994.BELUGA.ADN_20_04952.S_20_01486.dl.n_s.bam,0.693255,0.306745,NA,2
S_20_01487,232.NHS.1994.BELUGA.ADN_20_04953.S_20_01487.dl.n_s.bam,0.649604,0.350396,NA,2
S_20_01489,226.NHS.1994.BELUGA.ADN_20_04956.S_20_01489.dl.n_s.bam,0.592855,0.407145,NA,2
S_20_01494,233.NHS.1994.BELUGA.ADN_20_04961.S_20_01494.dl.n_s.bam,0.535468,0.464532,NA,2
S_20_01507,228.NHS.1996.BELUGA.ADN_20_04977.S_20_01507.dl.n_s.bam,0.99999,1.00E-05,NA,2
S_20_03503,239.NHS.1996.BELUGA.ADN_20_05981.S_20_03503.dl.n_s.bam,0.603204,0.396796,NA,2
S_20_00830,41.NWH.1999.BELUGA.ADN_20_02055.S_20_00830.dl.n_s.bam,0.472978,0.527022,NA,2
S_20_01078,42.NWH.1999.BELUGA.ADN_20_01304.S_20_01078.dl.n_s.bam,0.49943,0.50057,NA,2
S_20_01079,43.NWH.1999.BELUGA.ADN_20_01305.S_20_01079.dl.n_s.bam,0.372342,0.627658,NA,2
S_20_04111,10.REB.1997.BELUGA.ADN_20_05512.S_20_04111.dl.n_s.bam,0.373311,0.626689,NA,2
S_20_04130,12.REB.2015.BELUGA.ADN_20_05531.S_20_04130.dl.n_s.bam,0.35874,0.64126,NA,2
S_20_03555,131.SAN.1996.BELUGA.ADN_20_05224.S_20_03555.dl.n_s.bam,0.535338,0.464662,NA,2
S_20_03731,118.SAN.2010.BELUGA.ADN_20_05165.S_20_03731.dl.n_s.bam,1.00E-05,0.99999,NA,2
S_20_04048,188.SAN.2017.BELUGA.ADN_20_05449.S_20_04048.dl.n_s.bam,0.127893,0.872107,NA,2
S_20_04063,123.SAN.2019.BELUGA.ADN_20_05464.S_20_04063.dl.n_s.bam,0.159725,0.840275,NA,2
S_20_01152,80.SEH.2019.BELUGA.ADN_20_04598.S_20_01152.dl.n_s.bam,0.496135,0.503865,NA,2
S_20_01174,82.SEH.2020.BELUGA.ADN_20_04577.S_20_01174.dl.n_s.bam,0.165742,0.834258,NA,2
S_20_01727,78.SEH.2019.BELUGA.ADN_20_04583.S_20_01727.dl.n_s.bam,0.429052,0.570948,NA,2
S_20_01744,84.SEH.2020.BELUGA.ADN_20_04578.S_20_01744.dl.n_s.bam,0.204361,0.795639,NA,2
S_20_01160,257.SHS.2019.BELUGA.ADN_20_04609.S_20_01160.dl.n_s.bam,0.557129,0.442871,NA,2
S_20_01162,258.SHS.2019.BELUGA.ADN_20_04558.S_20_01162.dl.n_s.bam,0.480836,0.519164,NA,2
S_20_01165,259.SHS.2019.BELUGA.ADN_20_04604.S_20_01165.dl.n_s.bam,0.501639,0.498361,NA,2
S_20_01169,278.SHS.2020.BELUGA.ADN_20_04603.S_20_01169.dl.n_s.bam,0.528454,0.471546,NA,2
S_20_01883,260.SHS.1994.BELUGA.ADN_20_02823.S_20_01883.dl.n_s.bam,0.55402,0.44598,NA,2
S_20_02024,244.SHS.2013.BELUGA.ADN_20_04097.S_20_02024.dl.n_s.bam,0.324063,0.675937,NA,2
S_20_02138,271.SHS.2002.BELUGA.ADN_20_04117.S_20_02138.dl.n_s.bam,0.486886,0.513114,NA,2
S_20_03385,249.SHS.2018.BELUGA.ADN_20_05060.S_20_03385.dl.n_s.bam,0.575016,0.424984,NA,2
S_20_03396,248.SHS.2018.BELUGA.ADN_20_05071.S_20_03396.dl.n_s.bam,0.258932,0.741068,NA,2
S_20_03551,274.SHS.2017.BELUGA.ADN_20_04518.S_20_03551.dl.n_s.bam,0.564614,0.435386,NA,2
S_20_01574,141.SAN.2021.BELUGA.ADN_20_05902.S_20_01574.dl.n_s.bam,0.602161,0.397839,NA,2
S_20_01612,184.SAN.2021.BELUGA.ADN_20_05033.S_20_01612.dl.n_s.bam,0.234681,0.765319,NA,2
S_20_03736,159.SAN.2011.BELUGA.ADN_20_05988.S_20_03736.dl.n_s.bam,0.1474,0.8526,NA,2
S_20_00782,314.CBS.2005.BELUGA.ADN_20_00969.S_20_00782.dl.n_s.bam,0.622003,0.377997,NA,2
S_20_00811,45.NWH.2002.BELUGA.ADN_20_01059.S_20_00811.dl.n_s.bam,0.312646,0.687354,NA,2
S_20_00742,147.SAN.2004.BELUGA.ADN_20_00990.S_20_00742.dl.n_s.bam,0.183018,0.816982,NA,2
S_20_03103,91.SEH.1997.BELUGA.ADN_20_03223.S_20_03103.dl.n_s.bam,0.446784,0.553216,NA,2
S_20_03104,92.SEH.1997.BELUGA.ADN_20_03224.S_20_03104.dl.n_s.bam,0.539335,0.460665,NA,2
S_20_01968,262.SHS.2010.BELUGA.ADN_20_04035.S_20_01968.dl.n_s.bam,0.616127,0.383873,NA,2
