"ID","score.PC1","score.PC2","score.PC3","score.PC4","score.PC5","score.PC6","score.PC7","score.PC8","ID.y","ID_Ext","ID_rcpt","Cat_sample","No_plate","No_well","Barcode","Common_name","Genus","Species","Age","Sex_visual","Sex_qPCR","Region","Location","Lat","Lon","Year","Month","Day","Community","Haplo","Region1","Region2","Season"
"S_20_00622",27.8868108290254,-6.58685492516444,-4.71287102367814,6.46178198156471,-5.31492988592651,-2.012223029487,-0.462151718077049,-0.69894978875918,"S_20_00622","ADN_20_00971","JBDL_07_01","Sample","PE_20_00001","E03","ACCGT","BELUGA","Delphinapterus","leucas",NA,"F","F","JAM","Pointe_de_Repentigny","52.64","-78.856",2007,8,9,"DFO_MPO","HL008","JAM","JAM","Summer"
"S_20_00699",-3.30264642640975,16.3576436246799,-23.1979439937142,2.59631765929901,-0.474454072355105,-2.39519588103042,-0.00105577167128321,2.08488690725121,"S_20_00699","ADN_20_00975","JBDL_07_06","Sample","PE_20_00001","C08","AAAAGTT","BELUGA","Delphinapterus","leucas",NA,"F","M","JAM","Pointe_de_Repentigny","52.64","-78.856",2007,8,25,"DFO_MPO","HL008","JAM","JAM","Summer"
"S_20_00710",8.32930604742403,3.68111245302055,2.24309795121055,-6.88110918062124,4.98686404365446,12.1717699588203,-1.56926815772217,-0.955481615688709,"S_20_00710","ADN_20_00981","DL2008_JB_06","Sample","PE_20_00002","H08","AACGCCT","BELUGA","Delphinapterus","leucas",NA,"F","F","JAM","Pointe_de_Repentigny_James_Bay","52.64","-78.856",2008,8,10,"DFO_MPO","HL008","JAM","JAM","Summer"
"S_20_00711",24.5096701975796,-5.01562250861249,-3.68922846964657,7.21010993544402,-9.19805271798948,-1.09380155848896,-1.36452130330066,-0.755392063870009,"S_20_00711","ADN_20_00972","JBDL_07_02","Sample","PE_20_00002","E12","GGATTGGT","BELUGA","Delphinapterus","leucas",NA,"F","M","JAM","Pointe_de_Repentigny","52.64","-78.856",2007,8,9,"DFO_MPO","HL008","JAM","JAM","Summer"
"S_20_00712",21.2489079065885,-3.23592978817782,1.01470581727021,-1.45072670975629,8.6953703031801,-0.584706688412199,1.44012113949384,0.950708242950486,"S_20_00712","ADN_20_00974","JBDL_07_04","Sample","PE_20_00001","F03","GCTTA","BELUGA","Delphinapterus","leucas",NA,"F","F","JAM","Pointe_de_Repentigny","52.64","-78.856",2007,8,14,"DFO_MPO","HL008","JAM","JAM","Summer"
"S_20_00719",-6.28725702525959,-7.81686280041836,-0.863845589148039,-2.0302964686509,-9.53949601152606,4.0670133230256,4.39965098569014,14.1904425784602,"S_20_00719","ADN_20_01105","ARSQ_2004_6","Sample","PE_20_00001","H10","TAGGCCAT","BELUGA","Delphinapterus","leucas",NA,NA,"F","SAN","Sanikiluaq","56.103110000000001","-79.333529999999996",2005,5,19,"Sanikiluaq","HL037","BEL","BEL","Spring"
"S_20_00722",-5.27671097257808,-8.55654552292104,-2.13282074960708,-1.80596523369487,1.42264724308195,-1.8099523277483,-5.88969846467568,4.32878647662778,"S_20_00722","ADN_20_04849","ARSQ_04_1032","Sample","PE_20_00002","C09","ATTAATT","BELUGA","Delphinapterus","leucas",19,"F","F","SAN","Sanikiluaq",NA,NA,2004,12,17,"Sanikiluaq",NA,"BEL","BEL","Winter"
"S_20_00724",-4.6865623771789,-9.14343657797506,-0.882737149037362,0.434698354764224,-6.39404942005849,5.7250337217945,6.17777763502307,-7.15392131601894,"S_20_00724","ADN_20_01114","ARSQ_2004_15","Sample","PE_20_00001","D09","ATTGGAT","BELUGA","Delphinapterus","leucas",NA,NA,"F","SAN","Sanikiluaq","56.103110000000001","-79.333529999999996",2005,5,19,"Sanikiluaq","HL034","BEL","BEL","Spring"
"S_20_00725",-6.73883878755074,-8.5294662851626,-1.85308444284892,-1.97435164536905,2.96718744667223,-4.48411855420655,17.0222934816748,-19.7904036633458,"S_20_00725","ADN_20_01104","ARSQ_2004_5","Sample","PE_20_00001","E09","CATAAGT","BELUGA","Delphinapterus","leucas",NA,NA,"M","SAN","Sanikiluaq","56.103110000000001","-79.333529999999996",2005,5,19,"Sanikiluaq","HL001","BEL","BEL","Spring"
"S_20_00729",-6.09403994311509,-9.1154081846343,-4.05781178063574,2.28719259970929,1.09656349799543,0.0896136372933754,5.73102716066842,11.8382114915693,"S_20_00729","ADN_20_01103","ARSQ_2004_4","Sample","PE_20_00001","F06","ATCGTA","BELUGA","Delphinapterus","leucas",NA,NA,"M","SAN","Sanikiluaq","56.103110000000001","-79.333529999999996",2005,5,19,"Sanikiluaq","HL001","BEL","BEL","Spring"
"S_20_00730",-2.92403409699437,2.68722328200469,2.65746205459303,2.20094901052779,0.0758962876506764,0.812927202183443,-1.78509061419592,-0.34707562497677,"S_20_00730","ADN_20_02289","ARSQ_02_1035","Sample","PE_20_00001","A01","CTCG","BELUGA","Delphinapterus","leucas",30,"M","M","SAN","Sanikiluaq",NA,NA,2002,5,NA,"Sanikiluaq","HL038","BEL","BEL","Spring"
"S_20_00733",-4.02285233674334,-5.40320555431392,0.977039098866285,0.577848153467358,4.25242608900379,0.348374738448314,3.71939185199764,4.84147794103248,"S_20_00733","ADN_20_01123","ARSQ_04_1030","Sample","PE_20_00002","C11","TCTCAGTG","BELUGA","Delphinapterus","leucas",23,"F","F","SAN","Sanikiluaq",NA,NA,2004,12,17,"Sanikiluaq","HL033","BEL","BEL","Winter"
"S_20_00735",-6.26786508057227,-7.99740212482041,-3.27989141176767,-2.06744216986521,-3.48426901040898,3.53322301130437,-7.73017299789425,8.33531280725408,"S_20_00735","ADN_20_01117","ARSQ_2004_18","Sample","PE_20_00001","D06","ACCTAA","BELUGA","Delphinapterus","leucas",NA,NA,"M","SAN","Sanikiluaq","56.103110000000001","-79.333529999999996",2005,5,19,"Sanikiluaq","HL033","BEL","BEL","Spring"
"S_20_00740",-6.27564459118132,-10.827013824827,-6.80042179181401,-1.45244934631109,0.973443415264996,0.84457879349498,-3.25493866245285,-3.22904524125751,"S_20_00740","ADN_20_01116","ARSQ_2004_17","Sample","PE_20_00002","D06","ACCTAA","BELUGA","Delphinapterus","leucas",NA,NA,"M","SAN","Sanikiluaq","56.103110000000001","-79.333529999999996",2005,5,19,"Sanikiluaq","HL033","BEL","BEL","Spring"
"S_20_00749",-6.44356443321244,-8.94894653134793,-2.65680771124399,0.235760152447352,1.98663480876444,2.03881028163552,-0.0921275915059096,-3.11834863260501,"S_20_00749","ADN_20_01101","ARSQ_2004_2","Sample","PE_20_00001","G05","CCACAA","BELUGA","Delphinapterus","leucas",NA,NA,"M","SAN","Sanikiluaq","56.103110000000001","-79.333529999999996",2005,5,19,"Sanikiluaq","HL016","BEL","BEL","Spring"
"S_20_00753",-6.8797064371044,-10.3551152382193,-0.264109222094045,3.35068012855734,4.70025711616939,-4.77096361367328,0.920857414890414,7.58826645687139,"S_20_00753","ADN_20_01110","ARSQ_2004_11","Sample","PE_20_00002","A09","AATATGG","BELUGA","Delphinapterus","leucas",NA,NA,"U","SAN","Sanikiluaq","56.103110000000001","-79.333529999999996",2005,5,19,"Sanikiluaq","HL034","BEL","BEL","Spring"
"S_20_00754",-6.34037211856621,-8.56399622857703,0.58927027603033,3.53745101731115,-0.877285260235873,-6.77909978390867,-7.48037235413008,1.8339853046657,"S_20_00754","ADN_20_01113","ARSQ_2004_14","Sample","PE_20_00001","G02","CTAGG","BELUGA","Delphinapterus","leucas",NA,NA,"M","SAN","Sanikiluaq","56.103110000000001","-79.333529999999996",2005,5,19,"Sanikiluaq","HL039","BEL","BEL","Spring"
"S_20_00758",-5.41013131024888,-6.17404240618998,-3.1125303074471,-9.05649678441802,-9.08379941613322,3.63198034189111,-1.11480713579593,-9.42306918211298,"S_20_00758","ADN_20_01107","ARSQ_2004_8","Sample","PE_20_00002","C10","TCGAAGA","BELUGA","Delphinapterus","leucas",NA,NA,"M","SAN","Sanikiluaq","56.103110000000001","-79.333529999999996",2005,5,19,"Sanikiluaq","HL039","BEL","BEL","Spring"
"S_20_00761",-1.50478849671128,3.77376521984805,6.21785694159465,6.77408995379417,17.8247729999517,-16.5962449549584,2.9380394439495,-1.26234141712559,"S_20_00761","ADN_20_01118","ARSQ_2004_19","Sample","PE_20_00002","F02","TCACG","BELUGA","Delphinapterus","leucas",NA,NA,"M","SAN","Sanikiluaq",NA,NA,2005,5,19,"Sanikiluaq","HL008","BEL","BEL","Spring"
"S_20_00764",-5.18789231086887,-8.16436347773779,-4.08979053205417,0.699954500484213,1.48324043780544,-1.48526795613395,-14.9714361680085,-2.07495518103487,"S_20_00764","ADN_20_01115","ARSQ_2004_16","Sample","PE_20_00002","H06","CGCGGT","BELUGA","Delphinapterus","leucas",NA,NA,"M","SAN","Sanikiluaq","56.103110000000001","-79.333529999999996",2005,5,19,"Sanikiluaq","HL001","BEL","BEL","Spring"
"S_20_00768",-5.50138068130235,-6.57094084737417,-0.816456548572412,0.420368224857079,1.85947945432748,-2.86870031961426,9.2029856551704,-6.85100361957316,"S_20_00768","ADN_20_01111","ARSQ_2004_12","Sample","PE_20_00001","D01","CAGA","BELUGA","Delphinapterus","leucas",NA,NA,"M","SAN","Sanikiluaq","56.103110000000001","-79.333529999999996",2005,5,19,"Sanikiluaq","HL001","BEL","BEL","Spring"
"S_20_00769",-5.67032310912986,-7.08418818431015,-0.78015238841889,-5.7111038443078,-2.31790744067199,-3.65929192749546,0.246287839984002,0.394460271711339,"S_20_00769","ADN_20_01112","ARSQ_2004_13","Sample","PE_20_00001","B07","GCCAGT","BELUGA","Delphinapterus","leucas",NA,NA,"M","SAN","Sanikiluaq","56.103110000000001","-79.333529999999996",2005,5,19,"Sanikiluaq","HL034","BEL","BEL","Spring"
"S_20_01144",-2.25086892501488,5.56376715801727,8.99635580429562,9.75767852138448,-13.9570807976106,-6.70459841515006,-4.53792285789057,3.50713626716472,"S_20_01144","ADN_20_01041","NQ03_5074","Sample","PE_20_00002","D01","CAGA","BELUGA","Delphinapterus","leucas",26,NA,"M","JAM","James_Bay","53.0833333333333","-80.5833333333333",2003,7,22,"Kuujjuaraapik","HL038","JAM","JAM","Summer"
"S_20_01154",-2.79402652068954,7.38636012399922,2.20541959609023,7.44621330243975,9.62963460216717,-8.00259138000752,-0.448861348173561,4.89583421141456,"S_20_01154","ADN_20_01040","NQ03_5071","Sample","PE_20_00002","H11","ACGTGGTA","BELUGA","Delphinapterus","leucas",22,NA,"M","JAM","James_Bay","53.0833333333333","-80.5833333333333",2003,7,22,"Kuujjuaraapik","HL070","JAM","JAM","Summer"
"S_20_02249",-2.80655592618426,5.52747456957553,7.56006798244453,0.0355469408875326,-9.50838836583283,-1.91345722954751,3.79348900835493,1.12520647407965,"S_20_02249","ADN_20_03140","DL14_42","Sample","PE_20_00006","B01","TGCA","BELUGA","Delphinapterus","leucas",NA,"F","M","SEH","Pointe_Pilavvik","55.259","-77.822",2015,6,12,"Kuujjuaraapik","HL008","SEH","SEH","Spring"
"S_20_02299",-1.32244752575845,3.97821945074098,4.46428090115386,1.83791107607851,-1.17983742566497,-0.110732768363352,1.53548461867609,3.26248811405419,"S_20_02299","ADN_20_04421","DL_6101","Sample","PE_20_00007","A11","TGCAAGGA","BELUGA","Delphinapterus","leucas",35,"F","M","LON","Long_Island","54.878","-79.4",2004,10,12,"Kuujjuaraapik","HL008","JAM","JAM","Fall"
"S_20_03102",-2.71277979955432,1.27402492017863,1.6640439211374,7.78033273439324,17.0077118052937,23.9212977772143,5.72338827439429,8.87121006858111,"S_20_03102","ADN_20_01691","DL97_291","Sample","PE_20_00007","G08","GTCGATT","BELUGA","Delphinapterus","leucas",35,NA,"M","SEH","Kuujjuarapik","55.28052","-77.79491",1997,9,12,"Kuujjuaraapik","HL008","SEH","SEH","Fall"
"S_20_03106",-3.70327684064873,5.73370093533245,1.67704266465594,2.4085645724907,-0.468642563222072,-5.26856643392593,-12.0217485903545,-2.08272119523257,"S_20_03106","ADN_20_01664","DL97_295","Sample","PE_20_00005","H06","CGCGGT","BELUGA","Delphinapterus","leucas",27,NA,"M","SEH","Kuujjuarapik","55.28052","-77.79491",1997,9,12,"Kuujjuaraapik","HL008","SEH","SEH","Fall"
"S_20_03446",-1.25377772517932,5.88382758546758,7.24089097384794,0.427205592807988,3.81441103514851,5.2344714474344,-7.14484438690007,-10.5965950088562,"S_20_03446","ADN_20_01166","DL2009JB_03","Sample","PE_20_00001","H12","TTCCTGGA","BELUGA","Delphinapterus","leucas",NA,"F","U","JAM","Pointe_de_Repentigny_James_Bay","52.64","-78.856",2009,7,31,"DFO_MPO","HL008","JAM","JAM","Summer"
"S_20_03447",-1.66360386640065,8.23067710008726,6.56080749586461,4.0881445394885,-5.95070643751743,-3.21748573160044,12.2949930052414,1.08684170296178,"S_20_03447","ADN_20_01167","DL2009JB_04","Sample","PE_20_00002","E01","AACT","BELUGA","Delphinapterus","leucas",NA,"F","F","JAM","Pointe_de_Repentigny_James_Bay","52.64","-78.856",2009,8,1,"DFO_MPO","HL008","JAM","JAM","Summer"
"S_20_03448",-3.01994339971212,17.6369999942823,-25.5504852082149,1.71288383775967,-1.34818918482157,0.746918539851189,1.33778766904061,0.552579917814075,"S_20_03448","ADN_20_01168","DL2009JB_05","Sample","PE_20_00001","B12","CGCGGAGA","BELUGA","Delphinapterus","leucas",NA,"M","F","JAM","Pointe_de_Repentigny_James_Bay","52.64","-78.856",2009,8,9,"DFO_MPO","HL008","JAM","JAM","Summer"
"S_20_03449",4.54883997872692,5.62792393967911,2.65906933309568,-22.4947217366188,0.997873873124092,-1.77294450638128,-1.38287303909701,1.02739919190064,"S_20_03449","ADN_20_01169","DL2009JB_06","Sample","PE_20_00002","C03","GTATT","BELUGA","Delphinapterus","leucas",NA,"F","M","JAM","Pointe_de_Repentigny_James_Bay","52.64","-78.856",2009,8,9,"DFO_MPO","HL008","JAM","JAM","Summer"
"S_20_03450",2.21314642538882,8.29319866601827,1.6741140255699,-22.9871290880981,1.59172177058389,-9.59155792853614,2.7858562012456,7.51938295676724,"S_20_03450","ADN_20_00976","DL2008_JB_01","Sample","PE_20_00002","E10","TGCTGGA","BELUGA","Delphinapterus","leucas",NA,"F","M","JAM","Pointe_de_Repentigny_James_Bay","52.64","-78.856",2008,8,4,"DFO_MPO","HL008","JAM","JAM","Summer"
"S_20_03451",-2.85505796967683,6.86520757876159,-0.166120278638138,-0.0618370987679015,-0.963614597671836,4.90531634373422,-1.41772789537375,-9.24620410554771,"S_20_03451","ADN_20_00977","DL2008_JB_02","Sample","PE_20_00002","D05","TTCAGA","BELUGA","Delphinapterus","leucas",NA,"F","M","JAM","Pointe_de_Repentigny_James_Bay","52.64","-78.856",2008,8,6,"DFO_MPO","HL008","JAM","JAM","Summer"
"S_20_03452",2.0703423463275,5.87966270817452,6.44357770868964,-1.64036949134775,-4.41004358948736,14.1311436685618,-3.71700055217654,-2.65899384952263,"S_20_03452","ADN_20_00978","DL2008_JB_03","Sample","PE_20_00001","E07","GTTGAA","BELUGA","Delphinapterus","leucas",NA,"F","M","JAM","Pointe_de_Repentigny_James_Bay","52.64","-78.856",2008,8,8,"DFO_MPO","HL008","JAM","JAM","Summer"
"S_20_03453",-0.488384466355145,9.05556188975633,5.08917065316741,1.77249110827763,-8.79701862389861,3.24105555665885,14.6425690251491,3.85800466888741,"S_20_03453","ADN_20_00979","DL2008_JB_04","Sample","PE_20_00002","F07","TAACGA","BELUGA","Delphinapterus","leucas",NA,"F","M","JAM","Pointe_de_Repentigny_James_Bay","52.64","-78.856",2008,8,8,"DFO_MPO","HL008","JAM","JAM","Summer"
"S_20_03454",-1.58940982812145,6.43923819438518,6.46175179279299,5.24687852433573,0.921044042075293,-2.96890011698536,1.64270200123413,-1.30050035114534,"S_20_03454","ADN_20_00980","DL2008_JB_05","Sample","PE_20_00002","C07","GGAAGA","BELUGA","Delphinapterus","leucas",NA,"M","M","JAM","Pointe_de_Repentigny_James_Bay","52.64","-78.856",2008,8,8,"DFO_MPO","HL008","JAM","JAM","Summer"
"S_20_03455",-2.65127437615811,4.21174353790183,-1.3086374675935,2.26825267501501,5.48555429150034,2.01670555029448,-7.59992725037639,-11.5911776340274,"S_20_03455","ADN_20_00982","DL2008_JB_07","Sample","PE_20_00002","E09","CATAAGT","BELUGA","Delphinapterus","leucas",NA,"F","F","JAM","Pointe_de_Repentigny_James_Bay","52.64","-78.856",2008,8,16,"DFO_MPO","HL008","JAM","JAM","Summer"
"S_20_03507",30.3548319229895,-5.44724902625422,-2.74240441790533,0.714408117878791,2.28141956120841,-1.85948546788963,1.92637246682824,-0.638252550216456,"S_20_03507","ADN_20_00973","JBDL_07_03","Sample","PE_20_00002","E05","TAGGAA","BELUGA","Delphinapterus","leucas",NA,"F","F","JAM","Pointe_de_Repentigny","52.64","-78.856",2007,8,14,"DFO_MPO","HL008","JAM","JAM","Summer"
"S_20_03652",-3.27950336870976,6.70299075587319,9.38401277252914,6.16319535897304,-6.61235010563194,1.95641249206241,-8.59270791490303,-1.79349567922687,"S_20_03652","ADN_20_01162","ARSQ_04_07_01","Sample","PE_20_00002","E06","ATATGT","BELUGA","Delphinapterus","leucas",NA,NA,"F","SAN","Sanikiluaq","N 56 10 311","W 079 33 353",2004,5,19,"Sanikiluaq","HL068","BEL","BEL","Spring"
"S_20_03656",6.04366541884123,2.74626634925381,7.17811271918034,-8.83290977661138,5.82596080204142,0.533240187841591,-4.901820104031,3.47530566812434,"S_20_03656","ADN_20_03032","DL17_261","Sample","PE_20_00003","B12","CGCGGAGA","BELUGA","Delphinapterus","leucas",NA,NA,"M","SEH","Kuujjuarapik","55.114","-78.208",2017,6,15,"Kuujjuaraapik","HL008","SEH","SEH","Spring"
